seq_id	alignment_start	alignment_end	envelope_start	envelope_end	hmm_acc	hmm_name	hmm_start	hmm_end	hmm_length	bit_score	Individual_e_value	Conditional_e_value	database_significant	outcompeted	clan
XP_024716365.1_Cpseudohaemulonis	6	269	2	269	PF11765.8	Hyphal_reg_CWP	54	328	328	181.80	1.6e-53	1.8e-57	1	0	
XP_036665264.1_Cparapsilosis	413	453	413	453	PF15789.5	Hyr1	1	41	41	56.08	1.9e-15	2.2e-19	1	0	
XP_036665264.1_Cparapsilosis	454	494	454	494	PF15789.5	Hyr1	1	41	41	68.67	2.3e-19	2.5e-23	1	0	
XP_036665264.1_Cparapsilosis	495	535	495	535	PF15789.5	Hyr1	1	41	41	68.67	2.3e-19	2.5e-23	1	0	
XP_036665264.1_Cparapsilosis	536	576	536	576	PF15789.5	Hyr1	1	41	41	68.67	2.3e-19	2.5e-23	1	0	
XP_036665264.1_Cparapsilosis	577	617	577	617	PF15789.5	Hyr1	1	41	41	68.67	2.3e-19	2.5e-23	1	0	
XP_036665264.1_Cparapsilosis	618	663	618	663	PF15789.5	Hyr1	1	41	41	63.84	7.3e-18	8.1e-22	1	0	
XP_036665264.1_Cparapsilosis	664	704	664	704	PF15789.5	Hyr1	1	41	41	68.67	2.3e-19	2.5e-23	1	0	
XP_036665264.1_Cparapsilosis	705	745	705	745	PF15789.5	Hyr1	1	41	41	68.67	2.3e-19	2.5e-23	1	0	
XP_036665264.1_Cparapsilosis	746	786	746	786	PF15789.5	Hyr1	1	41	41	68.67	2.3e-19	2.5e-23	1	0	
XP_036665264.1_Cparapsilosis	787	827	787	827	PF15789.5	Hyr1	1	41	41	68.67	2.3e-19	2.5e-23	1	0	
XP_036665264.1_Cparapsilosis	828	868	828	868	PF15789.5	Hyr1	1	41	41	68.67	2.3e-19	2.5e-23	1	0	
XP_036665264.1_Cparapsilosis	869	909	869	909	PF15789.5	Hyr1	1	41	41	68.67	2.3e-19	2.5e-23	1	0	
XP_036665264.1_Cparapsilosis	910	950	910	950	PF15789.5	Hyr1	1	41	41	68.67	2.3e-19	2.5e-23	1	0	
XP_036665264.1_Cparapsilosis	951	996	951	996	PF15789.5	Hyr1	1	41	41	63.82	7.4e-18	8.2e-22	1	0	
XP_036665264.1_Cparapsilosis	997	1037	997	1037	PF15789.5	Hyr1	1	41	41	68.67	2.3e-19	2.5e-23	1	0	
XP_036665264.1_Cparapsilosis	1038	1083	1038	1083	PF15789.5	Hyr1	1	41	41	63.84	7.3e-18	8.1e-22	1	0	
XP_036665264.1_Cparapsilosis	1084	1129	1084	1129	PF15789.5	Hyr1	1	41	41	63.82	7.4e-18	8.2e-22	1	0	
XP_036665264.1_Cparapsilosis	1130	1175	1130	1175	PF15789.5	Hyr1	1	41	41	63.82	7.4e-18	8.2e-22	1	0	
XP_036665264.1_Cparapsilosis	1176	1216	1176	1216	PF15789.5	Hyr1	1	41	41	68.67	2.3e-19	2.5e-23	1	0	
XP_036665264.1_Cparapsilosis	1217	1262	1217	1262	PF15789.5	Hyr1	1	41	41	64.73	3.8e-18	4.3e-22	1	0	
XP_036665264.1_Cparapsilosis	1263	1308	1263	1308	PF15789.5	Hyr1	1	41	41	63.82	7.4e-18	8.2e-22	1	0	
XP_036665264.1_Cparapsilosis	1309	1354	1309	1354	PF15789.5	Hyr1	1	41	41	64.73	3.8e-18	4.3e-22	1	0	
XP_036665264.1_Cparapsilosis	1355	1400	1355	1400	PF15789.5	Hyr1	1	41	41	63.82	7.4e-18	8.2e-22	1	0	
XP_036665264.1_Cparapsilosis	1401	1446	1401	1446	PF15789.5	Hyr1	1	41	41	64.73	3.8e-18	4.3e-22	1	0	
XP_036665264.1_Cparapsilosis	1447	1490	1447	1491	PF15789.5	Hyr1	1	39	41	56.93	1.0e-15	1.2e-19	1	0	
XP_036665264.1_Cparapsilosis	11	341	10	341	PF11765.8	Hyphal_reg_CWP	2	328	328	424.84	1.8e-127	2.0e-131	1	0	
XP_002547616.1_Ctropicalis	631	654	627	654	PF15789.5	Hyr1	18	41	41	32.08	6.1e-08	6.8e-12	1	0	
XP_002547616.1_Ctropicalis	655	697	655	697	PF15789.5	Hyr1	1	41	41	65.89	1.7e-18	1.9e-22	1	0	
XP_002547616.1_Ctropicalis	698	740	698	740	PF15789.5	Hyr1	1	41	41	64.10	6.0e-18	6.7e-22	1	0	
XP_002547616.1_Ctropicalis	741	783	741	783	PF15789.5	Hyr1	1	41	41	64.55	4.4e-18	4.9e-22	1	0	
XP_002547616.1_Ctropicalis	784	826	784	826	PF15789.5	Hyr1	1	41	41	64.79	3.7e-18	4.1e-22	1	0	
XP_002547616.1_Ctropicalis	827	867	827	867	PF15789.5	Hyr1	1	41	41	64.11	6.0e-18	6.7e-22	1	0	
XP_002547616.1_Ctropicalis	868	908	868	908	PF15789.5	Hyr1	1	41	41	64.11	6.0e-18	6.7e-22	1	0	
XP_002547616.1_Ctropicalis	909	951	909	951	PF15789.5	Hyr1	1	41	41	63.98	6.6e-18	7.3e-22	1	0	
XP_002547616.1_Ctropicalis	952	992	952	992	PF15789.5	Hyr1	1	41	41	63.31	1.1e-17	1.2e-21	1	0	
XP_002547616.1_Ctropicalis	993	1033	993	1033	PF15789.5	Hyr1	1	41	41	64.11	6.0e-18	6.7e-22	1	0	
XP_002547616.1_Ctropicalis	1034	1076	1034	1076	PF15789.5	Hyr1	1	41	41	62.58	1.8e-17	2.0e-21	1	0	
XP_002547616.1_Ctropicalis	1077	1119	1077	1119	PF15789.5	Hyr1	1	41	41	65.89	1.7e-18	1.9e-22	1	0	
XP_002547616.1_Ctropicalis	1120	1160	1120	1160	PF15789.5	Hyr1	1	41	41	64.11	6.0e-18	6.7e-22	1	0	
XP_002547616.1_Ctropicalis	1161	1201	1161	1201	PF15789.5	Hyr1	1	41	41	63.31	1.1e-17	1.2e-21	1	0	
XP_002547616.1_Ctropicalis	1202	1244	1202	1244	PF15789.5	Hyr1	1	41	41	64.47	4.6e-18	5.1e-22	1	0	
XP_002547616.1_Ctropicalis	1245	1285	1245	1285	PF15789.5	Hyr1	1	41	41	63.31	1.1e-17	1.2e-21	1	0	
XP_002547616.1_Ctropicalis	1	218	1	218	PF11765.8	Hyphal_reg_CWP	114	328	328	290.84	1.1e-86	1.2e-90	1	0	
XP_002545510.1_Ctropicalis	10	220	5	220	PF11765.8	Hyphal_reg_CWP	122	328	328	289.44	2.8e-86	1.6e-90	1	0	
XP_002770240.1_Dhansenii	12	398	8	404	PF11765.8	Hyphal_reg_CWP	3	324	328	299.79	2.0e-89	1.1e-93	1	0	
XP_717775.2_Calbicans	13	342	9	342	PF11765.8	Hyphal_reg_CWP	3	328	328	308.11	5.9e-92	3.3e-96	1	0	
XP_002614115.1_Clusitaniae	15	333	11	333	PF11765.8	Hyphal_reg_CWP	5	328	328	243.67	2.4e-72	1.3e-76	1	0	
XP_028889033.1_Cauris	525	549	522	549	PF15789.5	Hyr1	17	41	41	25.40	7.4e-06	1.2e-09	1	0	
XP_028889033.1_Cauris	603	637	597	637	PF15789.5	Hyr1	6	41	41	21.16	0.00016	2.6e-08	1	0	
XP_028889033.1_Cauris	645	681	641	681	PF15789.5	Hyr1	5	41	41	23.69	2.6e-05	4.3e-09	1	0	
XP_028889033.1_Cauris	731	769	729	769	PF15789.5	Hyr1	3	41	41	21.59	0.00012	1.9e-08	1	0	
XP_028889033.1_Cauris	778	813	773	813	PF15789.5	Hyr1	5	41	41	24.90	1.1e-05	1.8e-09	1	0	
XP_028889033.1_Cauris	820	857	817	857	PF15789.5	Hyr1	4	41	41	25.03	9.7e-06	1.6e-09	1	0	
XP_028889033.1_Cauris	909	945	905	945	PF15789.5	Hyr1	5	41	41	20.53	0.00025	4.2e-08	1	0	
XP_028889033.1_Cauris	954	989	949	989	PF15789.5	Hyr1	5	41	41	26.30	3.9e-06	6.5e-10	1	0	
XP_028889033.1_Cauris	998	1033	993	1033	PF15789.5	Hyr1	5	41	41	23.53	2.9e-05	4.8e-09	1	0	
XP_028889033.1_Cauris	1039	1077	1037	1077	PF15789.5	Hyr1	3	41	41	33.21	2.7e-08	4.5e-12	1	0	
XP_028889033.1_Cauris	1087	1121	1081	1121	PF15789.5	Hyr1	6	41	41	31.38	1.0e-07	1.7e-11	1	0	
XP_028889033.1_Cauris	1127	1165	1125	1165	PF15789.5	Hyr1	3	41	41	20.27	0.0003	5.0e-08	1	0	
XP_028889033.1_Cauris	1175	1209	1169	1209	PF15789.5	Hyr1	6	41	41	25.35	7.7e-06	1.3e-09	1	0	
XP_028889033.1_Cauris	1219	1253	1213	1253	PF15789.5	Hyr1	6	41	41	22.18	7.6e-05	1.3e-08	1	0	
XP_028889033.1_Cauris	1303	1341	1301	1341	PF15789.5	Hyr1	3	41	41	23.37	3.2e-05	5.4e-09	1	0	
XP_028889033.1_Cauris	1350	1385	1345	1385	PF15789.5	Hyr1	5	41	41	23.45	3.0e-05	5.1e-09	1	0	
XP_028889033.1_Cauris	1392	1429	1389	1429	PF15789.5	Hyr1	4	41	41	25.13	9.0e-06	1.5e-09	1	0	
XP_028889033.1_Cauris	1483	1517	1478	1517	PF15789.5	Hyr1	6	41	41	25.93	5.1e-06	8.5e-10	1	0	
XP_028889033.1_Cauris	1526	1561	1521	1561	PF15789.5	Hyr1	5	41	41	24.53	1.4e-05	2.3e-09	1	0	
XP_028889033.1_Cauris	1574	1605	1565	1605	PF15789.5	Hyr1	9	41	41	21.64	0.00011	1.9e-08	1	0	
XP_028889033.1_Cauris	1613	1649	1609	1649	PF15789.5	Hyr1	5	41	41	21.36	0.00014	2.3e-08	1	0	
XP_028889033.1_Cauris	1655	1693	1653	1693	PF15789.5	Hyr1	3	41	41	27.08	2.2e-06	3.7e-10	1	0	
XP_028889033.1_Cauris	1702	1737	1697	1737	PF15789.5	Hyr1	5	41	41	22.52	5.9e-05	9.9e-09	1	0	
XP_028889033.1_Cauris	1746	1781	1741	1781	PF15789.5	Hyr1	5	41	41	34.55	1.0e-08	1.7e-12	1	0	
XP_028889033.1_Cauris	1790	1825	1785	1825	PF15789.5	Hyr1	5	41	41	25.40	7.4e-06	1.2e-09	1	0	
XP_028889033.1_Cauris	1834	1869	1829	1869	PF15789.5	Hyr1	5	41	41	29.07	5.3e-07	8.9e-11	1	0	
XP_028889033.1_Cauris	1878	1913	1873	1913	PF15789.5	Hyr1	5	41	41	23.12	3.8e-05	6.4e-09	1	0	
XP_028889033.1_Cauris	1921	1973	1917	1973	PF15789.5	Hyr1	5	41	41	21.29	0.00014	2.4e-08	1	0	
XP_028889033.1_Cauris	1980	2017	1977	2017	PF15789.5	Hyr1	4	41	41	21.82	9.8e-05	1.6e-08	1	0	
XP_028889033.1_Cauris	2202	2240	2197	2240	PF15789.5	Hyr1	5	41	41	21.82	9.8e-05	1.6e-08	1	0	
XP_028889033.1_Cauris	2340	2378	2335	2378	PF15789.5	Hyr1	5	41	41	22.52	5.9e-05	9.9e-09	1	0	
XP_028889033.1_Cauris	2387	2422	2382	2422	PF15789.5	Hyr1	5	41	41	24.70	1.2e-05	2.1e-09	1	0	
XP_028889033.1_Cauris	2449	2469	2428	2469	PF15789.5	Hyr1	21	41	41	22.31	6.9e-05	1.1e-08	1	0	
XP_028889033.1_Cauris	2707	2745	2704	2745	PF15789.5	Hyr1	3	41	41	24.27	1.7e-05	2.8e-09	1	0	
XP_028889033.1_Cauris	14	325	12	327	PF11765.8	Hyphal_reg_CWP	3	326	328	246.01	4.6e-73	7.7e-77	1	0	
XP_028888611.1_Cauris	499	521	491	521	PF15789.5	Hyr1	19	41	41	24.67	1.3e-05	2.8e-09	1	0	
XP_028888611.1_Cauris	527	565	525	565	PF15789.5	Hyr1	3	41	41	31.83	7.3e-08	1.6e-11	1	0	
XP_028888611.1_Cauris	575	609	568	609	PF15789.5	Hyr1	6	41	41	34.99	7.5e-09	1.7e-12	1	0	
XP_028888611.1_Cauris	618	653	613	653	PF15789.5	Hyr1	5	41	41	32.69	3.9e-08	8.8e-12	1	0	
XP_028888611.1_Cauris	662	697	657	697	PF15789.5	Hyr1	5	41	41	27.39	1.8e-06	4.0e-10	1	0	
XP_028888611.1_Cauris	706	741	701	741	PF15789.5	Hyr1	5	41	41	29.19	4.9e-07	1.1e-10	1	0	
XP_028888611.1_Cauris	750	785	745	785	PF15789.5	Hyr1	5	41	41	26.29	3.9e-06	8.8e-10	1	0	
XP_028888611.1_Cauris	822	857	820	857	PF15789.5	Hyr1	5	41	41	20.40	0.00027	6.1e-08	1	0	
XP_028888611.1_Cauris	924	961	921	961	PF15789.5	Hyr1	4	41	41	22.53	5.9e-05	1.3e-08	1	0	
XP_028888611.1_Cauris	1325	1359	1315	1359	PF15789.5	Hyr1	12	41	41	24.03	2.0e-05	4.4e-09	1	0	
XP_028888611.1_Cauris	1415	1452	1410	1452	PF15789.5	Hyr1	5	41	41	21.24	0.00015	3.3e-08	1	0	
XP_028888611.1_Cauris	14	325	12	327	PF11765.8	Hyphal_reg_CWP	3	326	328	250.21	2.4e-74	5.4e-78	1	0	
XP_025344416.1_Chaemuloni	12	323	10	325	PF11765.8	Hyphal_reg_CWP	3	326	328	244.66	1.2e-72	1.3e-76	1	0	
XP_025344416.1_Chaemuloni	1637	1672	1633	1672	PF15789.5	Hyr1	5	41	41	21.58	0.00012	1.3e-08	1	0	
XP_025344416.1_Chaemuloni	2048	2082	2042	2082	PF15789.5	Hyr1	6	41	41	23.39	3.2e-05	3.5e-09	1	0	
XP_025344416.1_Chaemuloni	2090	2133	2087	2133	PF15789.5	Hyr1	4	41	41	22.45	6.2e-05	6.9e-09	1	0	
XP_025344416.1_Chaemuloni	2139	2176	2137	2176	PF15789.5	Hyr1	3	41	41	20.66	0.00023	2.5e-08	1	0	
XP_025344416.1_Chaemuloni	2236	2276	2230	2276	PF15789.5	Hyr1	6	41	41	23.46	3.0e-05	3.4e-09	1	0	
XP_024713121.1_Cpseudohaemulonis	499	538	497	538	PF15789.5	Hyr1	3	41	41	31.97	6.6e-08	1.5e-11	1	0	
XP_024713121.1_Cpseudohaemulonis	548	581	542	581	PF15789.5	Hyr1	6	41	41	28.99	5.7e-07	1.3e-10	1	0	
XP_024713121.1_Cpseudohaemulonis	767	801	761	801	PF15789.5	Hyr1	6	41	41	27.18	2.1e-06	4.6e-10	1	0	
XP_024713121.1_Cpseudohaemulonis	1360	1394	1354	1394	PF15789.5	Hyr1	6	41	41	20.58	0.00024	5.3e-08	1	0	
XP_024713121.1_Cpseudohaemulonis	1448	1482	1442	1482	PF15789.5	Hyr1	6	41	41	23.67	2.6e-05	5.8e-09	1	0	
XP_024713121.1_Cpseudohaemulonis	1807	1842	1801	1842	PF15789.5	Hyr1	5	41	41	20.98	0.00018	4.0e-08	1	0	
XP_024713121.1_Cpseudohaemulonis	1872	1892	1850	1892	PF15789.5	Hyr1	21	41	41	21.62	0.00011	2.5e-08	1	0	
XP_024713121.1_Cpseudohaemulonis	1899	1937	1896	1937	PF15789.5	Hyr1	4	41	41	27.91	1.2e-06	2.7e-10	1	0	
XP_024713121.1_Cpseudohaemulonis	1946	1982	1941	1982	PF15789.5	Hyr1	5	41	41	34.51	1.1e-08	2.4e-12	1	0	
XP_024713121.1_Cpseudohaemulonis	1991	2025	1986	2025	PF15789.5	Hyr1	5	41	41	21.65	0.00011	2.5e-08	1	0	
XP_024713121.1_Cpseudohaemulonis	2032	2070	2029	2070	PF15789.5	Hyr1	4	41	41	21.61	0.00011	2.6e-08	1	0	
XP_024713121.1_Cpseudohaemulonis	2080	2115	2074	2115	PF15789.5	Hyr1	6	41	41	30.53	1.9e-07	4.1e-11	1	0	
XP_024713121.1_Cpseudohaemulonis	2123	2160	2119	2160	PF15789.5	Hyr1	5	41	41	26.82	2.7e-06	6.0e-10	1	0	
XP_024713121.1_Cpseudohaemulonis	2167	2205	2164	2205	PF15789.5	Hyr1	4	41	41	27.91	1.2e-06	2.7e-10	1	0	
XP_024713121.1_Cpseudohaemulonis	2211	2250	2209	2250	PF15789.5	Hyr1	3	41	41	28.91	6.0e-07	1.3e-10	1	0	
XP_024713121.1_Cpseudohaemulonis	2258	2295	2254	2295	PF15789.5	Hyr1	5	41	41	21.75	0.0001	2.3e-08	1	0	
XP_024713121.1_Cpseudohaemulonis	2302	2340	2299	2340	PF15789.5	Hyr1	4	41	41	27.91	1.2e-06	2.7e-10	1	0	
XP_024713121.1_Cpseudohaemulonis	2348	2385	2344	2385	PF15789.5	Hyr1	5	41	41	21.75	0.0001	2.3e-08	1	0	
XP_024713121.1_Cpseudohaemulonis	2391	2428	2389	2428	PF15789.5	Hyr1	3	41	41	23.10	3.9e-05	8.7e-09	1	0	
XP_024713121.1_Cpseudohaemulonis	2481	2518	2477	2518	PF15789.5	Hyr1	5	41	41	30.52	1.9e-07	4.2e-11	1	0	
XP_024713121.1_Cpseudohaemulonis	2528	2562	2521	2562	PF15789.5	Hyr1	6	41	41	24.97	1.0e-05	2.3e-09	1	0	
XP_024713121.1_Cpseudohaemulonis	2572	2607	2566	2607	PF15789.5	Hyr1	6	41	41	26.08	4.6e-06	1.0e-09	1	0	
XP_024713121.1_Cpseudohaemulonis	2615	2654	2611	2654	PF15789.5	Hyr1	5	41	41	25.59	6.5e-06	1.4e-09	1	0	
XP_024713121.1_Cpseudohaemulonis	2665	2699	2658	2699	PF15789.5	Hyr1	7	41	41	26.14	4.4e-06	9.8e-10	1	0	
XP_024713121.1_Cpseudohaemulonis	2707	2744	2703	2744	PF15789.5	Hyr1	5	41	41	27.42	1.7e-06	3.9e-10	1	0	
XP_024713121.1_Cpseudohaemulonis	2752	2789	2748	2789	PF15789.5	Hyr1	5	41	41	25.90	5.2e-06	1.2e-09	1	0	
XP_024713121.1_Cpseudohaemulonis	2797	2834	2792	2834	PF15789.5	Hyr1	5	41	41	26.85	2.6e-06	5.9e-10	1	0	
XP_024713121.1_Cpseudohaemulonis	2843	2877	2838	2877	PF15789.5	Hyr1	5	41	41	22.31	6.9e-05	1.5e-08	1	0	
XP_024713121.1_Cpseudohaemulonis	15	325	12	327	PF11765.8	Hyphal_reg_CWP	4	326	328	245.30	7.6e-73	1.7e-76	1	0	
XP_025334498.1_Cduobushaemulonis	515	554	513	554	PF15789.5	Hyr1	3	41	41	28.05	1.1e-06	2.5e-10	1	0	
XP_025334498.1_Cduobushaemulonis	560	597	558	597	PF15789.5	Hyr1	3	41	41	27.10	2.2e-06	4.9e-10	1	0	
XP_025334498.1_Cduobushaemulonis	694	728	688	728	PF15789.5	Hyr1	6	41	41	27.28	1.9e-06	4.3e-10	1	0	
XP_025334498.1_Cduobushaemulonis	1397	1432	1391	1432	PF15789.5	Hyr1	5	41	41	20.98	0.00018	4.0e-08	1	0	
XP_025334498.1_Cduobushaemulonis	1793	1828	1788	1828	PF15789.5	Hyr1	5	41	41	29.73	3.3e-07	7.4e-11	1	0	
XP_025334498.1_Cduobushaemulonis	2119	2154	2113	2154	PF15789.5	Hyr1	5	41	41	27.01	2.3e-06	5.2e-10	1	0	
XP_025334498.1_Cduobushaemulonis	2166	2204	2159	2204	PF15789.5	Hyr1	8	41	41	24.78	1.2e-05	2.6e-09	1	0	
XP_025334498.1_Cduobushaemulonis	2261	2297	2256	2297	PF15789.5	Hyr1	5	41	41	28.26	9.5e-07	2.1e-10	1	0	
XP_025334498.1_Cduobushaemulonis	2306	2342	2301	2342	PF15789.5	Hyr1	5	41	41	26.24	4.1e-06	9.1e-10	1	0	
XP_025334498.1_Cduobushaemulonis	2436	2475	2434	2475	PF15789.5	Hyr1	3	41	41	24.01	2.0e-05	4.5e-09	1	0	
XP_025334498.1_Cduobushaemulonis	2482	2520	2479	2520	PF15789.5	Hyr1	4	41	41	28.30	9.2e-07	2.1e-10	1	0	
XP_025334498.1_Cduobushaemulonis	2528	2565	2524	2565	PF15789.5	Hyr1	5	41	41	24.24	1.7e-05	3.8e-09	1	0	
XP_025334498.1_Cduobushaemulonis	2573	2610	2569	2610	PF15789.5	Hyr1	5	41	41	34.09	1.4e-08	3.2e-12	1	0	
XP_025334498.1_Cduobushaemulonis	2617	2655	2614	2655	PF15789.5	Hyr1	4	41	41	21.86	9.5e-05	2.1e-08	1	0	
XP_025334498.1_Cduobushaemulonis	15	325	12	327	PF11765.8	Hyphal_reg_CWP	4	326	328	255.88	4.6e-76	1.0e-79	1	0	
XP_025344407.1_Chaemuloni	1337	1361	1333	1361	PF15789.5	Hyr1	17	41	41	23.29	3.4e-05	7.6e-09	1	0	
XP_025344407.1_Chaemuloni	1370	1405	1365	1405	PF15789.5	Hyr1	5	41	41	23.74	2.5e-05	5.5e-09	1	0	
XP_025344407.1_Chaemuloni	1414	1450	1409	1450	PF15789.5	Hyr1	6	41	41	23.45	3.0e-05	6.8e-09	1	0	
XP_025344407.1_Chaemuloni	1501	1540	1499	1540	PF15789.5	Hyr1	3	41	41	24.62	1.3e-05	2.9e-09	1	0	
XP_025344407.1_Chaemuloni	1546	1585	1544	1585	PF15789.5	Hyr1	3	41	41	29.99	2.8e-07	6.1e-11	1	0	
XP_025344407.1_Chaemuloni	1591	1628	1589	1628	PF15789.5	Hyr1	3	41	41	30.51	1.9e-07	4.2e-11	1	0	
XP_025344407.1_Chaemuloni	1635	1673	1632	1673	PF15789.5	Hyr1	4	41	41	30.09	2.5e-07	5.7e-11	1	0	
XP_025344407.1_Chaemuloni	1679	1718	1677	1718	PF15789.5	Hyr1	3	41	41	25.90	5.2e-06	1.2e-09	1	0	
XP_025344407.1_Chaemuloni	1724	1763	1722	1763	PF15789.5	Hyr1	3	41	41	26.29	3.9e-06	8.8e-10	1	0	
XP_025344407.1_Chaemuloni	1769	1808	1767	1808	PF15789.5	Hyr1	3	41	41	26.65	3.0e-06	6.8e-10	1	0	
XP_025344407.1_Chaemuloni	1818	1853	1812	1853	PF15789.5	Hyr1	6	41	41	29.71	3.3e-07	7.5e-11	1	0	
XP_025344407.1_Chaemuloni	1861	1898	1857	1898	PF15789.5	Hyr1	5	41	41	28.89	6.0e-07	1.3e-10	1	0	
XP_025344407.1_Chaemuloni	1908	1943	1902	1943	PF15789.5	Hyr1	6	41	41	30.02	2.7e-07	6.0e-11	1	0	
XP_025344407.1_Chaemuloni	1953	1986	1947	1986	PF15789.5	Hyr1	6	41	41	26.14	4.4e-06	9.8e-10	1	0	
XP_025344407.1_Chaemuloni	1993	2031	1990	2031	PF15789.5	Hyr1	4	41	41	27.27	1.9e-06	4.3e-10	1	0	
XP_025344407.1_Chaemuloni	2037	2076	2035	2076	PF15789.5	Hyr1	3	41	41	26.00	4.9e-06	1.1e-09	1	0	
XP_025344407.1_Chaemuloni	2086	2121	2080	2121	PF15789.5	Hyr1	6	41	41	30.02	2.7e-07	6.0e-11	1	0	
XP_025344407.1_Chaemuloni	2127	2166	2125	2166	PF15789.5	Hyr1	3	41	41	22.70	5.2e-05	1.2e-08	1	0	
XP_025344407.1_Chaemuloni	2172	2211	2170	2211	PF15789.5	Hyr1	3	41	41	24.62	1.3e-05	2.9e-09	1	0	
XP_025344407.1_Chaemuloni	2217	2256	2215	2256	PF15789.5	Hyr1	3	41	41	29.99	2.8e-07	6.1e-11	1	0	
XP_025344407.1_Chaemuloni	2262	2301	2260	2301	PF15789.5	Hyr1	3	41	41	28.22	9.8e-07	2.2e-10	1	0	
XP_025344407.1_Chaemuloni	2307	2344	2305	2344	PF15789.5	Hyr1	3	41	41	23.49	3.0e-05	6.6e-09	1	0	
XP_025344407.1_Chaemuloni	2350	2389	2348	2389	PF15789.5	Hyr1	3	41	41	28.05	1.1e-06	2.5e-10	1	0	
XP_025344407.1_Chaemuloni	2395	2434	2393	2434	PF15789.5	Hyr1	3	41	41	28.63	7.3e-07	1.6e-10	1	0	
XP_025344407.1_Chaemuloni	2442	2477	2438	2477	PF15789.5	Hyr1	5	41	41	23.54	2.8e-05	6.3e-09	1	0	
XP_025344407.1_Chaemuloni	2483	2522	2481	2522	PF15789.5	Hyr1	3	41	41	29.99	2.8e-07	6.1e-11	1	0	
XP_025344407.1_Chaemuloni	2528	2567	2526	2567	PF15789.5	Hyr1	3	41	41	26.55	3.3e-06	7.3e-10	1	0	
XP_025344407.1_Chaemuloni	2573	2612	2571	2612	PF15789.5	Hyr1	3	41	41	24.38	1.6e-05	3.5e-09	1	0	
XP_025344407.1_Chaemuloni	2618	2657	2616	2657	PF15789.5	Hyr1	3	41	41	24.62	1.3e-05	2.9e-09	1	0	
XP_025344407.1_Chaemuloni	2663	2702	2661	2702	PF15789.5	Hyr1	3	41	41	29.99	2.8e-07	6.1e-11	1	0	
XP_025344407.1_Chaemuloni	2708	2745	2706	2745	PF15789.5	Hyr1	3	41	41	30.51	1.9e-07	4.2e-11	1	0	
XP_025344407.1_Chaemuloni	2752	2790	2749	2790	PF15789.5	Hyr1	4	41	41	30.09	2.5e-07	5.7e-11	1	0	
XP_025344407.1_Chaemuloni	2796	2835	2794	2835	PF15789.5	Hyr1	3	41	41	25.90	5.2e-06	1.2e-09	1	0	
XP_025344407.1_Chaemuloni	2841	2880	2839	2880	PF15789.5	Hyr1	3	41	41	22.34	6.7e-05	1.5e-08	1	0	
XP_025344407.1_Chaemuloni	2886	2925	2884	2925	PF15789.5	Hyr1	3	41	41	23.14	3.8e-05	8.5e-09	1	0	
XP_025344407.1_Chaemuloni	2931	2970	2929	2970	PF15789.5	Hyr1	3	41	41	28.05	1.1e-06	2.5e-10	1	0	
XP_025344407.1_Chaemuloni	2976	3015	2974	3015	PF15789.5	Hyr1	3	41	41	26.68	3.0e-06	6.6e-10	1	0	
XP_025344407.1_Chaemuloni	3021	3060	3019	3060	PF15789.5	Hyr1	3	41	41	21.58	0.00012	2.6e-08	1	0	
XP_025344407.1_Chaemuloni	3066	3103	3064	3103	PF15789.5	Hyr1	3	41	41	28.38	8.7e-07	2.0e-10	1	0	
XP_025344407.1_Chaemuloni	3109	3148	3107	3148	PF15789.5	Hyr1	3	41	41	28.25	9.6e-07	2.1e-10	1	0	
XP_025344407.1_Chaemuloni	3154	3193	3152	3193	PF15789.5	Hyr1	3	41	41	29.56	3.8e-07	8.4e-11	1	0	
XP_025344407.1_Chaemuloni	3199	3236	3197	3236	PF15789.5	Hyr1	3	41	41	24.34	1.6e-05	3.6e-09	1	0	
XP_025344407.1_Chaemuloni	3243	3281	3240	3281	PF15789.5	Hyr1	4	41	41	26.88	2.6e-06	5.7e-10	1	0	
XP_025344407.1_Chaemuloni	3287	3326	3285	3326	PF15789.5	Hyr1	3	41	41	27.93	1.2e-06	2.7e-10	1	0	
XP_025344407.1_Chaemuloni	3332	3371	3330	3371	PF15789.5	Hyr1	3	41	41	32.79	3.7e-08	8.2e-12	1	0	
XP_025344407.1_Chaemuloni	3377	3416	3375	3416	PF15789.5	Hyr1	3	41	41	29.99	2.8e-07	6.1e-11	1	0	
XP_025344407.1_Chaemuloni	3422	3459	3420	3459	PF15789.5	Hyr1	3	41	41	25.78	5.7e-06	1.3e-09	1	0	
XP_025344407.1_Chaemuloni	3469	3502	3463	3502	PF15789.5	Hyr1	6	41	41	22.11	7.9e-05	1.8e-08	1	0	
XP_025344407.1_Chaemuloni	3508	3545	3506	3545	PF15789.5	Hyr1	3	41	41	32.47	4.6e-08	1.0e-11	1	0	
XP_025344407.1_Chaemuloni	3551	3590	3549	3590	PF15789.5	Hyr1	3	41	41	28.05	1.1e-06	2.5e-10	1	0	
XP_025344407.1_Chaemuloni	3596	3635	3594	3635	PF15789.5	Hyr1	3	41	41	30.29	2.2e-07	4.9e-11	1	0	
XP_025344407.1_Chaemuloni	3784	3823	3782	3823	PF15789.5	Hyr1	3	41	41	26.74	2.8e-06	6.4e-10	1	0	
XP_025344407.1_Chaemuloni	3829	3868	3827	3868	PF15789.5	Hyr1	3	41	41	29.99	2.8e-07	6.1e-11	1	0	
XP_025344407.1_Chaemuloni	3874	3913	3872	3913	PF15789.5	Hyr1	3	41	41	29.17	5.0e-07	1.1e-10	1	0	
XP_025344407.1_Chaemuloni	3919	3958	3917	3958	PF15789.5	Hyr1	3	41	41	28.79	6.5e-07	1.5e-10	1	0	
XP_025344407.1_Chaemuloni	3964	4001	3962	4001	PF15789.5	Hyr1	3	41	41	20.17	0.00032	7.2e-08	1	0	
XP_025344407.1_Chaemuloni	916	1229	914	1231	PF11765.8	Hyphal_reg_CWP	3	326	328	244.75	1.1e-72	2.5e-76	1	0	
XP_025344407.1_Chaemuloni	60	446	59	447	PF00026.23	Asp	2	314	315	206.14	8.2e-61	1.8e-64	1	0	CL0129
XP_025335682.1_Cduobushaemulonis	476	496	469	496	PF15789.5	Hyr1	21	41	41	20.72	0.00022	3.6e-08	1	0	
XP_025335682.1_Cduobushaemulonis	506	540	500	540	PF15789.5	Hyr1	6	41	41	23.36	3.2e-05	5.4e-09	1	0	
XP_025335682.1_Cduobushaemulonis	603	637	597	637	PF15789.5	Hyr1	6	41	41	24.22	1.7e-05	2.9e-09	1	0	
XP_025335682.1_Cduobushaemulonis	691	734	685	734	PF15789.5	Hyr1	6	41	41	20.97	0.00018	3.0e-08	1	0	
XP_025335682.1_Cduobushaemulonis	744	778	737	778	PF15789.5	Hyr1	6	41	41	24.62	1.3e-05	2.2e-09	1	0	
XP_025335682.1_Cduobushaemulonis	788	822	782	822	PF15789.5	Hyr1	6	41	41	21.88	9.4e-05	1.6e-08	1	0	
XP_025335682.1_Cduobushaemulonis	885	919	879	919	PF15789.5	Hyr1	6	41	41	22.18	7.6e-05	1.3e-08	1	0	
XP_025335682.1_Cduobushaemulonis	929	972	923	972	PF15789.5	Hyr1	6	41	41	20.79	0.00021	3.4e-08	1	0	
XP_025335682.1_Cduobushaemulonis	980	1016	976	1016	PF15789.5	Hyr1	4	41	41	27.78	1.3e-06	2.3e-10	1	0	
XP_025335682.1_Cduobushaemulonis	1026	1069	1020	1069	PF15789.5	Hyr1	6	41	41	20.60	0.00024	3.9e-08	1	0	
XP_025335682.1_Cduobushaemulonis	1078	1113	1072	1113	PF15789.5	Hyr1	5	41	41	21.02	0.00017	2.9e-08	1	0	
XP_025335682.1_Cduobushaemulonis	1124	1161	1120	1161	PF15789.5	Hyr1	7	41	41	23.78	2.4e-05	4.0e-09	1	0	
XP_025335682.1_Cduobushaemulonis	1171	1205	1164	1205	PF15789.5	Hyr1	6	41	41	20.56	0.00024	4.1e-08	1	0	
XP_025335682.1_Cduobushaemulonis	1263	1301	1257	1301	PF15789.5	Hyr1	6	41	41	27.97	1.2e-06	2.0e-10	1	0	
XP_025335682.1_Cduobushaemulonis	1311	1349	1305	1349	PF15789.5	Hyr1	6	41	41	24.23	1.7e-05	2.9e-09	1	0	
XP_025335682.1_Cduobushaemulonis	1358	1394	1353	1394	PF15789.5	Hyr1	5	41	41	24.46	1.5e-05	2.5e-09	1	0	
XP_025335682.1_Cduobushaemulonis	1404	1439	1397	1439	PF15789.5	Hyr1	6	41	41	26.60	3.2e-06	5.3e-10	1	0	
XP_025335682.1_Cduobushaemulonis	1449	1484	1442	1484	PF15789.5	Hyr1	6	41	41	27.26	2.0e-06	3.3e-10	1	0	
XP_025335682.1_Cduobushaemulonis	1494	1527	1489	1527	PF15789.5	Hyr1	6	41	41	29.41	4.2e-07	7.0e-11	1	0	
XP_025335682.1_Cduobushaemulonis	13	324	11	326	PF11765.8	Hyphal_reg_CWP	3	326	328	257.85	1.2e-76	1.9e-80	1	0	
XP_025344601.1_Chaemuloni	28	338	25	340	PF11765.8	Hyphal_reg_CWP	4	326	328	239.98	3.1e-71	3.5e-75	1	0	
XP_025342839.1_Chaemuloni	12	326	11	326	PF11765.8	Hyphal_reg_CWP	2	328	328	243.40	2.9e-72	6.4e-76	1	0	
XP_025342839.1_Chaemuloni	382	408	379	408	PF15789.5	Hyr1	16	41	41	26.56	3.2e-06	7.2e-10	1	0	
XP_025342839.1_Chaemuloni	414	457	412	457	PF15789.5	Hyr1	3	41	41	20.45	0.00026	5.9e-08	1	0	
XP_025342839.1_Chaemuloni	561	604	559	604	PF15789.5	Hyr1	3	41	41	21.03	0.00017	3.9e-08	1	0	
XP_025342839.1_Chaemuloni	610	654	608	654	PF15789.5	Hyr1	3	41	41	20.78	0.00021	4.6e-08	1	0	
XP_025342839.1_Chaemuloni	660	703	658	703	PF15789.5	Hyr1	3	41	41	20.03	0.00035	7.9e-08	1	0	
XP_025342839.1_Chaemuloni	709	751	707	751	PF15789.5	Hyr1	3	41	41	21.15	0.00016	3.5e-08	1	0	
XP_025342839.1_Chaemuloni	760	798	755	798	PF15789.5	Hyr1	5	41	41	24.53	1.4e-05	3.1e-09	1	0	
XP_024713119.1_Cpseudohaemulonis	14	327	12	327	PF11765.8	Hyphal_reg_CWP	3	328	328	237.20	2.2e-70	1.2e-74	1	0	
XP_025337653.1_Cduobushaemulonis	15	327	12	327	PF11765.8	Hyphal_reg_CWP	4	328	328	235.11	9.6e-70	5.3e-74	1	0	
XP_025341971.1_Chaemuloni	15	327	12	327	PF11765.8	Hyphal_reg_CWP	4	328	328	228.61	9.1e-68	5.1e-72	1	0	
XP_025334500.1_Cduobushaemulonis	14	327	12	327	PF11765.8	Hyphal_reg_CWP	3	328	328	240.52	2.2e-71	3.6e-75	1	0	
XP_025343300.1_Chaemuloni	380	405	366	405	PF15789.5	Hyr1	16	41	41	24.42	1.5e-05	1.7e-09	1	0	
XP_025343300.1_Chaemuloni	457	493	451	493	PF15789.5	Hyr1	5	41	41	21.27	0.00015	1.6e-08	1	0	
XP_025343300.1_Chaemuloni	762	797	757	797	PF15789.5	Hyr1	5	41	41	23.49	2.9e-05	3.3e-09	1	0	
XP_025343300.1_Chaemuloni	1021	1060	1020	1060	PF15789.5	Hyr1	2	41	41	24.17	1.8e-05	2.0e-09	1	0	
XP_025343300.1_Chaemuloni	1621	1656	1616	1656	PF15789.5	Hyr1	5	41	41	22.56	5.7e-05	6.4e-09	1	0	
XP_025343300.1_Chaemuloni	2	310	1	310	PF11765.8	Hyphal_reg_CWP	8	328	328	235.51	7.2e-70	8.0e-74	1	0	
XP_028889034.1_Cauris	14	327	12	327	PF11765.8	Hyphal_reg_CWP	3	328	328	248.77	6.7e-74	3.7e-78	1	0	
XP_028887965.1_Cauris	12	325	10	325	PF11765.8	Hyphal_reg_CWP	3	328	328	246.49	3.3e-73	1.8e-77	1	0	
XP_024712323.1_Cpseudohaemulonis	15	327	12	327	PF11765.8	Hyphal_reg_CWP	4	328	328	216.38	4.8e-64	2.7e-68	1	0	
XP_024711259.1_Cpseudohaemulonis	14	327	12	327	PF11765.8	Hyphal_reg_CWP	3	328	328	234.86	1.1e-69	6.3e-74	1	0	
XP_025335995.1_Cduobushaemulonis	14	327	12	327	PF11765.8	Hyphal_reg_CWP	3	328	328	227.84	1.5e-67	8.6e-72	1	0	
XP_024711351.1_Cpseudohaemulonis	12	325	10	325	PF11765.8	Hyphal_reg_CWP	3	328	328	239.30	5.1e-71	5.6e-75	1	0	
XP_024711351.1_Cpseudohaemulonis	388	428	386	428	PF15789.5	Hyr1	3	41	41	27.28	1.9e-06	2.1e-10	1	0	
XP_024711351.1_Cpseudohaemulonis	978	1019	976	1019	PF15789.5	Hyr1	3	41	41	22.66	5.4e-05	6.0e-09	1	0	
XP_024711351.1_Cpseudohaemulonis	1025	1061	1023	1061	PF15789.5	Hyr1	3	41	41	21.62	0.00011	1.3e-08	1	0	
XP_024711351.1_Cpseudohaemulonis	1067	1104	1065	1104	PF15789.5	Hyr1	3	41	41	21.93	9.1e-05	1.0e-08	1	0	
XP_024711351.1_Cpseudohaemulonis	1155	1206	1153	1206	PF15789.5	Hyr1	3	41	41	21.00	0.00018	2.0e-08	1	0	
XP_024711351.1_Cpseudohaemulonis	1215	1252	1210	1252	PF15789.5	Hyr1	5	41	41	21.82	9.8e-05	1.1e-08	1	0	
XP_025338053.1_Cduobushaemulonis	12	325	10	325	PF11765.8	Hyphal_reg_CWP	3	328	328	236.79	2.9e-70	3.3e-74	1	0	
XP_025338053.1_Cduobushaemulonis	649	691	647	691	PF15789.5	Hyr1	3	41	41	20.29	0.00029	3.3e-08	1	0	
XP_025338053.1_Cduobushaemulonis	1285	1323	1281	1323	PF15789.5	Hyr1	5	41	41	21.24	0.00015	1.7e-08	1	0	
XP_025338053.1_Cduobushaemulonis	1329	1366	1327	1366	PF15789.5	Hyr1	3	41	41	24.93	1.0e-05	1.2e-09	1	0	
XP_028892406.1_Cauris	9	323	8	323	PF11765.8	Hyphal_reg_CWP	2	328	328	240.96	1.6e-71	1.8e-75	1	0	
XP_028892406.1_Cauris	416	461	414	461	PF15789.5	Hyr1	3	41	41	25.36	7.7e-06	8.6e-10	1	0	
XP_028892406.1_Cauris	471	512	465	512	PF15789.5	Hyr1	6	41	41	22.59	5.6e-05	6.3e-09	1	0	
XP_028892406.1_Cauris	721	766	719	766	PF15789.5	Hyr1	3	41	41	20.65	0.00023	2.5e-08	1	0	
XP_028892406.1_Cauris	825	868	821	868	PF15789.5	Hyr1	5	41	41	26.99	2.4e-06	2.7e-10	1	0	
XP_025337648.1_Cduobushaemulonis	14	327	12	327	PF11765.8	Hyphal_reg_CWP	3	328	328	227.96	1.4e-67	8.0e-72	1	0	
XP_024712318.1_Cpseudohaemulonis	15	324	12	326	PF11765.8	Hyphal_reg_CWP	4	325	328	216.20	5.4e-64	6.0e-68	1	0	
XP_024712318.1_Cpseudohaemulonis	1305	1609	1303	1611	PF11765.8	Hyphal_reg_CWP	3	325	328	191.14	2.3e-56	2.5e-60	1	0	
XP_024712318.1_Cpseudohaemulonis	1822	1857	1820	1857	PF15789.5	Hyr1	5	41	41	22.57	5.7e-05	6.4e-09	1	0	
XP_024712318.1_Cpseudohaemulonis	1943	1978	1935	1978	PF15789.5	Hyr1	5	41	41	22.09	8.0e-05	9.0e-09	1	0	
XP_024712318.1_Cpseudohaemulonis	1991	2022	1986	2022	PF15789.5	Hyr1	9	41	41	23.56	2.8e-05	3.1e-09	1	0	
XP_024712318.1_Cpseudohaemulonis	2109	2144	2103	2144	PF15789.5	Hyr1	5	41	41	24.05	2.0e-05	2.2e-09	1	0	
XP_024712318.1_Cpseudohaemulonis	2154	2188	2151	2188	PF15789.5	Hyr1	6	41	41	24.00	2.0e-05	2.3e-09	1	0	
XP_024712318.1_Cpseudohaemulonis	2197	2232	2191	2232	PF15789.5	Hyr1	5	41	41	21.85	9.6e-05	1.1e-08	1	0	
XP_024712318.1_Cpseudohaemulonis	2241	2276	2236	2276	PF15789.5	Hyr1	5	41	41	20.46	0.00026	2.9e-08	1	0	
XP_024712318.1_Cpseudohaemulonis	2284	2320	2279	2320	PF15789.5	Hyr1	4	41	41	25.49	7.0e-06	7.8e-10	1	0	
XP_024712318.1_Cpseudohaemulonis	2329	2364	2323	2364	PF15789.5	Hyr1	5	41	41	20.26	0.0003	3.4e-08	1	0	
XP_024712318.1_Cpseudohaemulonis	2460	2495	2454	2495	PF15789.5	Hyr1	5	41	41	25.71	6.0e-06	6.7e-10	1	0	
XP_024712318.1_Cpseudohaemulonis	2552	2583	2543	2583	PF15789.5	Hyr1	9	41	41	27.04	2.3e-06	2.5e-10	1	0	
XP_024712318.1_Cpseudohaemulonis	2886	2920	2880	2920	PF15789.5	Hyr1	5	41	41	24.79	1.2e-05	1.3e-09	1	0	
XP_024712318.1_Cpseudohaemulonis	2928	2963	2923	2963	PF15789.5	Hyr1	5	41	41	21.75	0.0001	1.2e-08	1	0	
XP_025343289.1_Chaemuloni	13	327	12	327	PF11765.8	Hyphal_reg_CWP	2	328	328	241.75	9.1e-72	1.0e-75	1	0	
XP_025343289.1_Chaemuloni	339	359	323	359	PF15789.5	Hyr1	21	41	41	22.20	7.5e-05	8.3e-09	1	0	
XP_025343289.1_Chaemuloni	425	473	422	473	PF15789.5	Hyr1	4	41	41	21.83	9.7e-05	1.1e-08	1	0	
XP_025343289.1_Chaemuloni	531	571	527	571	PF15789.5	Hyr1	5	41	41	22.37	6.6e-05	7.4e-09	1	0	
XP_025343289.1_Chaemuloni	581	620	577	620	PF15789.5	Hyr1	6	41	41	21.12	0.00016	1.8e-08	1	0	
XP_025343289.1_Chaemuloni	716	752	711	752	PF15789.5	Hyr1	6	41	41	22.09	8.1e-05	9.0e-09	1	0	
XP_025343289.1_Chaemuloni	761	798	757	798	PF15789.5	Hyr1	5	41	41	24.85	1.1e-05	1.2e-09	1	0	
XP_024716363.1_Cpseudohaemulonis	13	326	11	326	PF11765.8	Hyphal_reg_CWP	3	328	328	235.10	9.6e-70	1.1e-73	1	0	
XP_024716363.1_Cpseudohaemulonis	359	400	355	400	PF15789.5	Hyr1	5	41	41	25.43	7.3e-06	8.1e-10	1	0	
XP_024716363.1_Cpseudohaemulonis	411	449	405	449	PF15789.5	Hyr1	7	41	41	25.25	8.3e-06	9.2e-10	1	0	
XP_024716363.1_Cpseudohaemulonis	836	875	832	875	PF15789.5	Hyr1	5	41	41	22.39	6.5e-05	7.3e-09	1	0	
XP_024711350.1_Cpseudohaemulonis	12	323	11	323	PF11765.8	Hyphal_reg_CWP	2	328	328	217.08	2.9e-64	1.6e-68	1	0	
XP_025341988.1_Chaemuloni	14	329	12	329	PF11765.8	Hyphal_reg_CWP	3	328	328	231.74	1.0e-68	5.6e-73	1	0	
XP_462630.1_Dhansenii	13	334	11	334	PF11765.8	Hyphal_reg_CWP	3	328	328	291.39	7.2e-87	4.0e-91	1	0	
XP_025336698.1_Cduobushaemulonis	14	334	12	334	PF11765.8	Hyphal_reg_CWP	3	328	328	206.39	5.2e-61	5.8e-65	1	0	
XP_002770057.1_Dhansenii	12	335	11	335	PF11765.8	Hyphal_reg_CWP	2	328	328	276.53	2.4e-82	1.3e-86	1	0	
XP_025341634.1_Chaemuloni	15	329	14	330	PF11765.8	Hyphal_reg_CWP	2	326	328	215.41	9.4e-64	5.3e-68	1	0	
XP_028892087.1_Cauris	12	334	10	334	PF11765.8	Hyphal_reg_CWP	3	328	328	234.61	1.4e-69	7.5e-74	1	0	
XP_025335681.1_Cduobushaemulonis	14	331	12	333	PF11765.8	Hyphal_reg_CWP	3	327	328	210.29	3.4e-62	5.7e-66	1	0	
XP_025335681.1_Cduobushaemulonis	941	974	935	974	PF15789.5	Hyr1	6	41	41	20.10	0.00034	5.6e-08	1	0	
XP_025335681.1_Cduobushaemulonis	1029	1061	1019	1061	PF15789.5	Hyr1	11	41	41	21.53	0.00012	2.0e-08	1	0	
XP_024711300.1_Cpseudohaemulonis	14	335	12	335	PF11765.8	Hyphal_reg_CWP	3	328	328	201.96	1.2e-59	1.9e-63	1	0	
XP_025344020.1_Chaemuloni	12	332	10	332	PF11765.8	Hyphal_reg_CWP	3	328	328	230.08	3.2e-68	1.8e-72	1	0	
XP_028889361.1_Cauris	16	326	14	327	PF11765.8	Hyphal_reg_CWP	3	327	328	200.88	2.5e-59	1.4e-63	1	0	
XP_025344415.1_Chaemuloni	13	346	12	346	PF11765.8	Hyphal_reg_CWP	2	328	328	187.64	2.6e-55	1.5e-59	1	0	
XP_024713725.1_Cpseudohaemulonis	15	322	14	327	PF11765.8	Hyphal_reg_CWP	2	323	328	184.93	1.8e-54	9.8e-59	1	0	
XP_025339494.1_Cduobushaemulonis	15	324	14	327	PF11765.8	Hyphal_reg_CWP	2	325	328	186.27	6.9e-55	3.9e-59	1	0	
XP_025336343.1_Cduobushaemulonis	12	356	8	356	PF11765.8	Hyphal_reg_CWP	3	328	328	201.49	1.6e-59	9.0e-64	1	0	
XP_024713752.1_Cpseudohaemulonis	11	361	10	361	PF11765.8	Hyphal_reg_CWP	2	328	328	198.82	1.0e-58	5.8e-63	1	0	
XP_025344412.1_Chaemuloni	4	308	1	310	PF11765.8	Hyphal_reg_CWP	7	325	328	196.37	5.8e-58	3.3e-62	1	0	
XP_001386379.2_Sstipitis	11	337	10	337	PF11765.8	Hyphal_reg_CWP	2	328	328	405.03	1.9e-121	2.1e-125	1	0	
XP_001386379.2_Sstipitis	391	422	391	422	PF05792.13	Candida_ALS	1	32	32	26.51	7.0e-06	7.8e-10	1	0	
XP_001386379.2_Sstipitis	428	458	427	458	PF05792.13	Candida_ALS	2	32	32	30.47	4.1e-07	4.5e-11	1	0	
XP_001386379.2_Sstipitis	464	494	463	494	PF05792.13	Candida_ALS	2	32	32	30.32	4.5e-07	5.1e-11	1	0	
XP_002550900.1_Ctropicalis	13	342	12	342	PF11765.8	Hyphal_reg_CWP	2	328	328	441.86	1.2e-132	6.6e-137	1	0	
XP_002547764.1_Ctropicalis	370	407	366	407	PF15789.5	Hyr1	5	41	41	29.10	5.2e-07	1.2e-10	1	0	
XP_002547764.1_Ctropicalis	408	449	408	449	PF15789.5	Hyr1	1	41	41	62.35	2.1e-17	4.7e-21	1	0	
XP_002547764.1_Ctropicalis	450	491	450	491	PF15789.5	Hyr1	1	41	41	62.26	2.3e-17	5.1e-21	1	0	
XP_002547764.1_Ctropicalis	492	533	492	533	PF15789.5	Hyr1	1	41	41	62.35	2.1e-17	4.7e-21	1	0	
XP_002547764.1_Ctropicalis	534	575	534	575	PF15789.5	Hyr1	1	41	41	62.35	2.1e-17	4.7e-21	1	0	
XP_002547764.1_Ctropicalis	576	617	576	617	PF15789.5	Hyr1	1	41	41	56.81	1.1e-15	2.6e-19	1	0	
XP_002547764.1_Ctropicalis	618	659	618	659	PF15789.5	Hyr1	1	41	41	60.45	8.3e-17	1.9e-20	1	0	
XP_002547764.1_Ctropicalis	660	701	660	701	PF15789.5	Hyr1	1	41	41	62.15	2.5e-17	5.5e-21	1	0	
XP_002547764.1_Ctropicalis	702	743	702	743	PF15789.5	Hyr1	1	41	41	62.35	2.1e-17	4.7e-21	1	0	
XP_002547764.1_Ctropicalis	744	785	744	785	PF15789.5	Hyr1	1	41	41	57.77	5.7e-16	1.3e-19	1	0	
XP_002547764.1_Ctropicalis	786	826	786	826	PF15789.5	Hyr1	1	41	41	31.30	1.1e-07	2.4e-11	1	0	
XP_002547764.1_Ctropicalis	827	907	827	907	PF15789.5	Hyr1	1	41	41	22.04	8.4e-05	1.9e-08	1	0	
XP_002547764.1_Ctropicalis	908	948	908	948	PF15789.5	Hyr1	1	41	41	45.64	3.5e-12	7.9e-16	1	0	
XP_002547764.1_Ctropicalis	12	337	10	337	PF11765.8	Hyphal_reg_CWP	3	328	328	430.75	2.8e-129	6.4e-133	1	0	
XP_714203.1_Calbicans	12	339	11	339	PF11765.8	Hyphal_reg_CWP	2	328	328	436.53	5.0e-131	5.6e-135	1	0	
XP_714203.1_Calbicans	697	727	684	727	PF15789.5	Hyr1	11	41	41	29.90	2.9e-07	3.3e-11	1	0	
XP_714203.1_Calbicans	728	768	728	768	PF15789.5	Hyr1	1	41	41	60.70	6.9e-17	7.7e-21	1	0	
XP_714203.1_Calbicans	769	809	769	809	PF15789.5	Hyr1	1	41	41	63.16	1.2e-17	1.3e-21	1	0	
XP_714203.1_Calbicans	810	850	810	850	PF15789.5	Hyr1	1	41	41	61.51	3.9e-17	4.3e-21	1	0	
XP_711686.2_Calbicans	12	339	11	339	PF11765.8	Hyphal_reg_CWP	2	328	328	430.19	4.2e-129	4.7e-133	1	0	
XP_711686.2_Calbicans	730	755	707	755	PF15789.5	Hyr1	16	41	41	30.77	1.6e-07	1.8e-11	1	0	
XP_711686.2_Calbicans	756	801	756	801	PF15789.5	Hyr1	1	41	41	55.37	3.2e-15	3.6e-19	1	0	
XP_711686.2_Calbicans	802	847	802	847	PF15789.5	Hyr1	1	41	41	55.37	3.2e-15	3.6e-19	1	0	
XP_711686.2_Calbicans	848	893	848	893	PF15789.5	Hyr1	1	41	41	55.37	3.2e-15	3.6e-19	1	0	
XP_711686.2_Calbicans	894	942	894	942	PF15789.5	Hyr1	1	41	41	57.45	7.2e-16	8.1e-20	1	0	
XP_711686.2_Calbicans	943	1015	943	1015	PF15789.5	Hyr1	1	41	41	36.11	3.4e-09	3.7e-13	1	0	
XP_711686.2_Calbicans	1016	1056	1016	1056	PF15789.5	Hyr1	1	41	41	58.22	4.2e-16	4.6e-20	1	0	
XP_711686.2_Calbicans	1057	1129	1057	1129	PF15789.5	Hyr1	1	41	41	39.32	3.3e-10	3.7e-14	1	0	
XP_711686.2_Calbicans	1130	1175	1130	1175	PF15789.5	Hyr1	1	41	41	47.78	7.6e-13	8.4e-17	1	0	
XP_711686.2_Calbicans	1176	1221	1176	1221	PF15789.5	Hyr1	1	41	41	36.30	2.9e-09	3.3e-13	1	0	
XP_001385882.2_Sstipitis	11	337	10	337	PF11765.8	Hyphal_reg_CWP	2	328	328	394.55	2.9e-118	3.3e-122	1	0	
XP_001385882.2_Sstipitis	375	395	365	395	PF05792.13	Candida_ALS	11	32	32	13.37	0.09	1.0e-05	1	0	
XP_001385882.2_Sstipitis	400	431	400	431	PF05792.13	Candida_ALS	1	32	32	30.38	4.3e-07	4.8e-11	1	0	
XP_001385882.2_Sstipitis	438	469	438	469	PF05792.13	Candida_ALS	1	32	32	34.57	2.1e-08	2.4e-12	1	0	
XP_001385882.2_Sstipitis	476	507	476	507	PF05792.13	Candida_ALS	1	32	32	31.40	2.1e-07	2.3e-11	1	0	
XP_001385882.2_Sstipitis	538	569	538	569	PF05792.13	Candida_ALS	1	32	32	30.51	3.9e-07	4.4e-11	1	0	
XP_002547617.1_Ctropicalis	12	341	11	341	PF11765.8	Hyphal_reg_CWP	2	328	328	432.18	1.0e-129	5.8e-134	1	0	
XP_002547615.1_Ctropicalis	12	341	11	341	PF11765.8	Hyphal_reg_CWP	2	328	328	431.38	1.8e-129	2.0e-133	1	0	
XP_002547615.1_Ctropicalis	703	726	698	726	PF15789.5	Hyr1	18	41	41	33.28	2.6e-08	2.9e-12	1	0	
XP_002547615.1_Ctropicalis	727	744	727	749	PF15789.5	Hyr1	1	18	41	24.61	1.3e-05	1.5e-09	1	0	
XP_718630.1_Calbicans	12	339	11	339	PF11765.8	Hyphal_reg_CWP	2	328	328	418.77	1.3e-125	7.0e-130	1	0	
XP_717330.2_Calbicans	12	339	11	339	PF11765.8	Hyphal_reg_CWP	2	328	328	427.20	3.4e-128	3.8e-132	1	0	
XP_717330.2_Calbicans	578	602	561	602	PF15789.5	Hyr1	17	41	41	36.70	2.2e-09	2.5e-13	1	0	
XP_717330.2_Calbicans	603	653	603	653	PF15789.5	Hyr1	1	41	41	48.99	3.2e-13	3.5e-17	1	0	
XP_717330.2_Calbicans	654	693	654	696	PF15789.5	Hyr1	1	36	41	21.14	0.00016	1.8e-08	1	0	
XP_001386404.2_Sstipitis	11	339	10	339	PF11765.8	Hyphal_reg_CWP	2	328	328	412.96	7.4e-124	8.2e-128	1	0	
XP_001386404.2_Sstipitis	393	424	393	424	PF05792.13	Candida_ALS	1	32	32	39.43	6.4e-10	7.2e-14	1	0	
XP_001386404.2_Sstipitis	429	460	429	460	PF05792.13	Candida_ALS	1	32	32	30.76	3.3e-07	3.7e-11	1	0	
XP_001386404.2_Sstipitis	467	498	467	498	PF05792.13	Candida_ALS	1	32	32	34.08	3.0e-08	3.4e-12	1	0	
XP_001386404.2_Sstipitis	505	536	505	536	PF05792.13	Candida_ALS	1	32	32	34.08	3.0e-08	3.4e-12	1	0	
XP_714246.2_Calbicans	11	341	10	341	PF11765.8	Hyphal_reg_CWP	2	328	328	397.03	5.2e-119	2.9e-123	1	0	
XP_002418802.1_Cdubliniensis	11	341	10	341	PF11765.8	Hyphal_reg_CWP	2	328	328	400.74	3.8e-120	2.1e-124	1	0	
XP_002421924.1_Cdubliniensis	12	339	11	339	PF11765.8	Hyphal_reg_CWP	2	328	328	428.66	1.2e-128	1.4e-132	1	0	
XP_002421924.1_Cdubliniensis	576	600	557	600	PF15789.5	Hyr1	17	41	41	28.01	1.1e-06	1.3e-10	1	0	
XP_002421924.1_Cdubliniensis	601	651	601	651	PF15789.5	Hyr1	1	41	41	37.80	9.9e-10	1.1e-13	1	0	
XP_002421951.1_Cdubliniensis	12	339	11	339	PF11765.8	Hyphal_reg_CWP	2	328	328	431.19	2.1e-129	2.3e-133	1	0	
XP_002421951.1_Cdubliniensis	576	600	557	600	PF15789.5	Hyr1	17	41	41	28.01	1.1e-06	1.3e-10	1	0	
XP_002421951.1_Cdubliniensis	601	651	601	651	PF15789.5	Hyr1	1	41	41	33.63	2.0e-08	2.2e-12	1	0	
XP_002421505.1_Cdubliniensis	760	797	746	797	PF15789.5	Hyr1	7	41	41	26.79	2.7e-06	3.1e-10	1	0	
XP_002421505.1_Cdubliniensis	798	846	798	846	PF15789.5	Hyr1	1	41	41	55.27	3.5e-15	3.9e-19	1	0	
XP_002421505.1_Cdubliniensis	847	892	847	892	PF15789.5	Hyr1	1	41	41	55.89	2.2e-15	2.5e-19	1	0	
XP_002421505.1_Cdubliniensis	893	941	893	941	PF15789.5	Hyr1	1	41	41	56.10	1.9e-15	2.1e-19	1	0	
XP_002421505.1_Cdubliniensis	942	987	942	987	PF15789.5	Hyr1	1	41	41	55.89	2.2e-15	2.5e-19	1	0	
XP_002421505.1_Cdubliniensis	988	1033	988	1033	PF15789.5	Hyr1	1	41	41	50.03	1.5e-13	1.7e-17	1	0	
XP_002421505.1_Cdubliniensis	1034	1079	1034	1079	PF15789.5	Hyr1	1	41	41	55.89	2.2e-15	2.5e-19	1	0	
XP_002421505.1_Cdubliniensis	1080	1125	1080	1125	PF15789.5	Hyr1	1	41	41	56.02	2.0e-15	2.3e-19	1	0	
XP_002421505.1_Cdubliniensis	1126	1174	1126	1174	PF15789.5	Hyr1	1	41	41	56.10	1.9e-15	2.1e-19	1	0	
XP_002421505.1_Cdubliniensis	1175	1220	1175	1220	PF15789.5	Hyr1	1	41	41	55.89	2.2e-15	2.5e-19	1	0	
XP_002421505.1_Cdubliniensis	1221	1269	1221	1269	PF15789.5	Hyr1	1	41	41	56.10	1.9e-15	2.1e-19	1	0	
XP_002421505.1_Cdubliniensis	1270	1318	1270	1318	PF15789.5	Hyr1	1	41	41	56.21	1.8e-15	2.0e-19	1	0	
XP_002421505.1_Cdubliniensis	1319	1364	1319	1364	PF15789.5	Hyr1	1	41	41	56.02	2.0e-15	2.3e-19	1	0	
XP_002421505.1_Cdubliniensis	1365	1410	1365	1410	PF15789.5	Hyr1	1	41	41	50.03	1.5e-13	1.7e-17	1	0	
XP_002421505.1_Cdubliniensis	1411	1456	1411	1456	PF15789.5	Hyr1	1	41	41	55.89	2.2e-15	2.5e-19	1	0	
XP_002421505.1_Cdubliniensis	1457	1502	1457	1502	PF15789.5	Hyr1	1	41	41	50.03	1.5e-13	1.7e-17	1	0	
XP_002421505.1_Cdubliniensis	1503	1548	1503	1548	PF15789.5	Hyr1	1	41	41	55.89	2.2e-15	2.5e-19	1	0	
XP_002421505.1_Cdubliniensis	1549	1621	1549	1621	PF15789.5	Hyr1	1	41	41	32.40	4.8e-08	5.4e-12	1	0	
XP_002421505.1_Cdubliniensis	1622	1667	1622	1667	PF15789.5	Hyr1	1	41	41	39.41	3.1e-10	3.5e-14	1	0	
XP_002421505.1_Cdubliniensis	1668	1712	1668	1712	PF15789.5	Hyr1	1	41	41	43.68	1.5e-11	1.6e-15	1	0	
XP_002421505.1_Cdubliniensis	1713	1755	1713	1758	PF15789.5	Hyr1	1	38	41	39.35	3.3e-10	3.6e-14	1	0	
XP_002421505.1_Cdubliniensis	12	339	11	339	PF11765.8	Hyphal_reg_CWP	2	328	328	425.51	1.1e-127	1.2e-131	1	0	
XP_002420471.1_Cdubliniensis	10	337	9	337	PF11765.8	Hyphal_reg_CWP	2	328	328	402.21	1.4e-120	1.5e-124	1	0	
XP_002420471.1_Cdubliniensis	471	493	462	493	PF15789.5	Hyr1	19	41	41	32.34	5.1e-08	5.6e-12	1	0	
XP_002420471.1_Cdubliniensis	494	534	494	534	PF15789.5	Hyr1	1	41	41	62.35	2.1e-17	2.4e-21	1	0	
XP_002420471.1_Cdubliniensis	535	575	535	575	PF15789.5	Hyr1	1	41	41	62.35	2.1e-17	2.4e-21	1	0	
XP_002420471.1_Cdubliniensis	576	616	576	616	PF15789.5	Hyr1	1	41	41	61.41	4.2e-17	4.7e-21	1	0	
XP_002420471.1_Cdubliniensis	617	657	617	657	PF15789.5	Hyr1	1	41	41	64.54	4.4e-18	4.9e-22	1	0	
XP_002549927.1_Ctropicalis	29	359	28	359	PF11765.8	Hyphal_reg_CWP	2	328	328	433.33	4.7e-130	5.2e-134	1	0	
XP_002549927.1_Ctropicalis	394	456	389	456	PF15789.5	Hyr1	6	41	41	21.75	0.0001	1.2e-08	1	0	
XP_002549927.1_Ctropicalis	457	505	457	505	PF15789.5	Hyr1	1	41	41	60.94	5.9e-17	6.5e-21	1	0	
XP_002549927.1_Ctropicalis	506	554	506	554	PF15789.5	Hyr1	1	41	41	60.94	5.9e-17	6.5e-21	1	0	
XP_002549927.1_Ctropicalis	555	600	555	600	PF15789.5	Hyr1	1	41	41	63.10	1.2e-17	1.4e-21	1	0	
XP_002549927.1_Ctropicalis	601	649	601	649	PF15789.5	Hyr1	1	41	41	60.94	5.9e-17	6.5e-21	1	0	
XP_002549927.1_Ctropicalis	650	698	650	698	PF15789.5	Hyr1	1	41	41	60.94	5.9e-17	6.5e-21	1	0	
XP_002549927.1_Ctropicalis	699	747	699	747	PF15789.5	Hyr1	1	41	41	60.94	5.9e-17	6.5e-21	1	0	
XP_002549927.1_Ctropicalis	748	768	748	772	PF15789.5	Hyr1	1	21	41	25.93	5.1e-06	5.7e-10	1	0	
XP_002421668.1_Cdubliniensis	12	339	11	339	PF11765.8	Hyphal_reg_CWP	2	328	328	420.39	4.0e-126	2.2e-130	1	0	
XP_715137.2_Calbicans	12	339	11	339	PF11765.8	Hyphal_reg_CWP	2	328	328	424.45	2.3e-127	2.6e-131	1	0	
XP_715137.2_Calbicans	578	602	561	602	PF15789.5	Hyr1	17	41	41	36.70	2.2e-09	2.5e-13	1	0	
XP_715137.2_Calbicans	603	653	603	653	PF15789.5	Hyr1	1	41	41	48.99	3.2e-13	3.5e-17	1	0	
XP_715137.2_Calbicans	654	693	654	696	PF15789.5	Hyr1	1	36	41	21.14	0.00016	1.8e-08	1	0	
XP_002421681.1_Cdubliniensis	12	329	11	339	PF11765.8	Hyphal_reg_CWP	2	319	328	381.63	2.5e-114	2.8e-118	1	0	
XP_002421681.1_Cdubliniensis	668	713	668	713	PF15789.5	Hyr1	1	41	41	46.19	2.4e-12	2.7e-16	1	0	
XP_002421681.1_Cdubliniensis	716	762	714	762	PF15789.5	Hyr1	3	41	41	43.65	1.5e-11	1.7e-15	1	0	
XP_002420246.1_Cdubliniensis	12	339	11	339	PF11765.8	Hyphal_reg_CWP	2	328	328	417.76	2.6e-125	2.9e-129	1	0	
XP_002420246.1_Cdubliniensis	726	750	707	750	PF15789.5	Hyr1	17	41	41	29.06	5.4e-07	6.0e-11	1	0	
XP_002420246.1_Cdubliniensis	751	796	751	796	PF15789.5	Hyr1	1	41	41	35.93	3.8e-09	4.3e-13	1	0	
XP_002420246.1_Cdubliniensis	797	842	797	842	PF15789.5	Hyr1	1	41	41	44.97	5.7e-12	6.4e-16	1	0	
XP_002420246.1_Cdubliniensis	843	888	843	888	PF15789.5	Hyr1	1	41	41	49.21	2.7e-13	3.0e-17	1	0	
XP_002420246.1_Cdubliniensis	889	939	889	939	PF15789.5	Hyr1	1	41	41	28.90	6.0e-07	6.7e-11	1	0	
XP_715535.1_Calbicans	12	339	11	339	PF11765.8	Hyphal_reg_CWP	2	328	328	414.61	2.3e-124	2.6e-128	1	0	
XP_715535.1_Calbicans	738	762	735	762	PF15789.5	Hyr1	17	41	41	29.45	4.0e-07	4.5e-11	1	0	
XP_715535.1_Calbicans	763	808	763	808	PF15789.5	Hyr1	1	41	41	43.98	1.2e-11	1.3e-15	1	0	
XP_715535.1_Calbicans	809	854	809	854	PF15789.5	Hyr1	1	41	41	44.84	6.3e-12	7.0e-16	1	0	
XP_715535.1_Calbicans	855	900	855	900	PF15789.5	Hyr1	1	41	41	48.41	4.8e-13	5.4e-17	1	0	
XP_715535.1_Calbicans	901	951	901	951	PF15789.5	Hyr1	1	41	41	40.57	1.4e-10	1.5e-14	1	0	
XP_715535.1_Calbicans	952	996	952	997	PF15789.5	Hyr1	1	40	41	28.00	1.2e-06	1.3e-10	1	0	
XP_002546360.1_Ctropicalis	522	544	514	544	PF15789.5	Hyr1	19	41	41	35.33	5.9e-09	6.6e-13	1	0	
XP_002546360.1_Ctropicalis	545	593	545	593	PF15789.5	Hyr1	1	41	41	65.17	2.8e-18	3.1e-22	1	0	
XP_002546360.1_Ctropicalis	594	642	594	642	PF15789.5	Hyr1	1	41	41	65.17	2.8e-18	3.1e-22	1	0	
XP_002546360.1_Ctropicalis	643	691	643	691	PF15789.5	Hyr1	1	41	41	65.17	2.8e-18	3.1e-22	1	0	
XP_002546360.1_Ctropicalis	692	743	692	743	PF15789.5	Hyr1	1	41	41	65.00	3.2e-18	3.5e-22	1	0	
XP_002546360.1_Ctropicalis	744	795	744	795	PF15789.5	Hyr1	1	41	41	65.00	3.2e-18	3.5e-22	1	0	
XP_002546360.1_Ctropicalis	796	847	796	847	PF15789.5	Hyr1	1	41	41	65.00	3.2e-18	3.5e-22	1	0	
XP_002546360.1_Ctropicalis	848	899	848	899	PF15789.5	Hyr1	1	41	41	65.00	3.2e-18	3.5e-22	1	0	
XP_002546360.1_Ctropicalis	900	951	900	951	PF15789.5	Hyr1	1	41	41	65.00	3.2e-18	3.5e-22	1	0	
XP_002546360.1_Ctropicalis	952	1003	952	1003	PF15789.5	Hyr1	1	41	41	65.00	3.2e-18	3.5e-22	1	0	
XP_002546360.1_Ctropicalis	1004	1055	1004	1055	PF15789.5	Hyr1	1	41	41	65.00	3.2e-18	3.5e-22	1	0	
XP_002546360.1_Ctropicalis	1056	1107	1056	1107	PF15789.5	Hyr1	1	41	41	65.00	3.2e-18	3.5e-22	1	0	
XP_002546360.1_Ctropicalis	1108	1159	1108	1159	PF15789.5	Hyr1	1	41	41	65.00	3.2e-18	3.5e-22	1	0	
XP_002546360.1_Ctropicalis	1160	1211	1160	1211	PF15789.5	Hyr1	1	41	41	65.00	3.2e-18	3.5e-22	1	0	
XP_002546360.1_Ctropicalis	1212	1263	1212	1263	PF15789.5	Hyr1	1	41	41	65.00	3.2e-18	3.5e-22	1	0	
XP_002546360.1_Ctropicalis	1264	1315	1264	1315	PF15789.5	Hyr1	1	41	41	65.00	3.2e-18	3.5e-22	1	0	
XP_002546360.1_Ctropicalis	1316	1367	1316	1367	PF15789.5	Hyr1	1	41	41	65.00	3.2e-18	3.5e-22	1	0	
XP_002546360.1_Ctropicalis	1368	1420	1368	1420	PF15789.5	Hyr1	1	41	41	53.67	1.1e-14	1.2e-18	1	0	
XP_002546360.1_Ctropicalis	1421	1472	1421	1472	PF15789.5	Hyr1	1	41	41	65.00	3.2e-18	3.5e-22	1	0	
XP_002546360.1_Ctropicalis	1473	1524	1473	1524	PF15789.5	Hyr1	1	41	41	65.00	3.2e-18	3.5e-22	1	0	
XP_002546360.1_Ctropicalis	1525	1576	1525	1576	PF15789.5	Hyr1	1	41	41	65.00	3.2e-18	3.5e-22	1	0	
XP_002546360.1_Ctropicalis	1577	1597	1577	1601	PF15789.5	Hyr1	1	21	41	21.45	0.00013	1.4e-08	1	0	
XP_002546360.1_Ctropicalis	13	342	12	342	PF11765.8	Hyphal_reg_CWP	2	328	328	437.38	2.7e-131	3.0e-135	1	0	
XP_717969.1_Calbicans	13	329	11	339	PF11765.8	Hyphal_reg_CWP	3	319	328	388.33	2.3e-116	2.6e-120	1	0	
XP_717969.1_Calbicans	657	702	657	702	PF15789.5	Hyr1	1	41	41	40.11	1.9e-10	2.1e-14	1	0	
XP_717969.1_Calbicans	703	751	703	751	PF15789.5	Hyr1	1	41	41	46.21	2.4e-12	2.6e-16	1	0	
XP_714201.2_Calbicans	11	343	10	343	PF11765.8	Hyphal_reg_CWP	2	328	328	395.52	1.5e-118	8.3e-123	1	0	
XP_002420375.1_Cdubliniensis	11	346	9	346	PF11765.8	Hyphal_reg_CWP	3	328	328	391.16	3.2e-117	1.8e-121	1	0	
XP_002547620.1_Ctropicalis	12	345	11	345	PF11765.8	Hyphal_reg_CWP	2	328	328	426.01	7.9e-128	4.4e-132	1	0	
XP_002545452.1_Ctropicalis	643	662	634	662	PF15789.5	Hyr1	22	41	41	21.15	0.00016	1.8e-08	1	0	
XP_002545452.1_Ctropicalis	663	703	663	703	PF15789.5	Hyr1	1	41	41	52.03	3.6e-14	4.0e-18	1	0	
XP_002545452.1_Ctropicalis	704	744	704	744	PF15789.5	Hyr1	1	41	41	47.52	9.1e-13	1.0e-16	1	0	
XP_002545452.1_Ctropicalis	745	785	745	785	PF15789.5	Hyr1	1	41	41	61.46	4.0e-17	4.5e-21	1	0	
XP_002545452.1_Ctropicalis	786	826	786	826	PF15789.5	Hyr1	1	41	41	64.79	3.7e-18	4.1e-22	1	0	
XP_002545452.1_Ctropicalis	827	867	827	867	PF15789.5	Hyr1	1	41	41	63.08	1.3e-17	1.4e-21	1	0	
XP_002545452.1_Ctropicalis	994	1017	979	1020	PF15789.5	Hyr1	16	38	41	20.77	0.00021	2.3e-08	1	0	
XP_002545452.1_Ctropicalis	1162	1185	1158	1185	PF15789.5	Hyr1	18	41	41	31.88	7.1e-08	7.9e-12	1	0	
XP_002545452.1_Ctropicalis	1186	1226	1186	1226	PF15789.5	Hyr1	1	41	41	63.97	6.6e-18	7.4e-22	1	0	
XP_002545452.1_Ctropicalis	1227	1270	1227	1273	PF15789.5	Hyr1	1	38	41	34.77	8.8e-09	9.8e-13	1	0	
XP_002545452.1_Ctropicalis	13	340	11	340	PF11765.8	Hyphal_reg_CWP	3	328	328	412.56	9.8e-124	1.1e-127	1	0	
XP_002550128.1_Ctropicalis	11	333	10	339	PF11765.8	Hyphal_reg_CWP	2	323	328	292.23	4.0e-87	2.2e-91	1	0	
XP_001385681.2_Sstipitis	12	347	11	347	PF11765.8	Hyphal_reg_CWP	2	328	328	344.10	6.6e-103	7.3e-107	1	0	
XP_722183.2_Calbicans	12	334	11	334	PF11765.8	Hyphal_reg_CWP	2	328	328	346.91	9.2e-104	5.1e-108	1	0	
XP_001523105.1_Lelongisporus	11	329	10	329	PF11765.8	Hyphal_reg_CWP	2	328	328	332.80	1.8e-99	1.0e-103	1	0	
XP_002419003.1_Cdubliniensis	14	342	10	342	PF11765.8	Hyphal_reg_CWP	4	328	328	329.48	1.8e-98	2.1e-102	1	0	
XP_002419003.1_Cdubliniensis	434	477	434	477	PF13928.6	Flocculin_t3	1	44	44	50.17	2.7e-13	3.0e-17	1	0	
XP_003678549.1_Ncastellii	17	331	15	331	PF11765.8	Hyphal_reg_CWP	4	328	328	281.99	5.2e-84	2.9e-88	1	0	
XP_717774.1_Calbicans	14	342	11	342	PF11765.8	Hyphal_reg_CWP	4	328	328	330.82	7.2e-99	8.0e-103	1	0	
XP_717774.1_Calbicans	409	452	409	452	PF13928.6	Flocculin_t3	1	44	44	52.41	5.4e-14	6.1e-18	1	0	
XP_002550387.1_Ctropicalis	16	314	10	320	PF11765.8	Hyphal_reg_CWP	7	323	328	239.01	6.2e-71	3.5e-75	1	0	
XP_002547891.1_Ctropicalis	13	326	11	326	PF11765.8	Hyphal_reg_CWP	3	328	328	284.21	1.1e-84	1.2e-88	1	0	
XP_002547891.1_Ctropicalis	530	573	530	573	PF13928.6	Flocculin_t3	1	44	44	46.87	2.9e-12	3.3e-16	1	0	
XP_002614829.1_Clusitaniae	11	331	10	331	PF11765.8	Hyphal_reg_CWP	2	328	328	246.18	4.1e-73	2.3e-77	1	0	
XP_002419002.1_Cdubliniensis	13	342	9	342	PF11765.8	Hyphal_reg_CWP	3	328	328	305.00	5.2e-91	2.9e-95	1	0	
XP_002547904.1_Ctropicalis	9	333	8	333	PF11765.8	Hyphal_reg_CWP	2	328	328	337.88	5.1e-101	2.9e-105	1	0	
XP_002614815.1_Clusitaniae	13	333	11	333	PF11765.8	Hyphal_reg_CWP	3	328	328	260.11	2.4e-77	1.3e-81	1	0	
XP_447567.2_Cglabrata	426	466	426	466	PF00624.18	Flocculin	1	41	41	49.22	4.5e-13	9.9e-17	1	0	
XP_447567.2_Cglabrata	472	511	471	511	PF00624.18	Flocculin	2	41	41	48.65	6.7e-13	1.5e-16	1	0	
XP_447567.2_Cglabrata	517	556	516	556	PF00624.18	Flocculin	2	41	41	48.65	6.7e-13	1.5e-16	1	0	
XP_447567.2_Cglabrata	562	601	561	601	PF00624.18	Flocculin	2	41	41	48.65	6.7e-13	1.5e-16	1	0	
XP_447567.2_Cglabrata	607	646	606	646	PF00624.18	Flocculin	2	41	41	48.65	6.7e-13	1.5e-16	1	0	
XP_447567.2_Cglabrata	652	691	651	691	PF00624.18	Flocculin	2	41	41	48.65	6.7e-13	1.5e-16	1	0	
XP_447567.2_Cglabrata	697	736	696	736	PF00624.18	Flocculin	2	41	41	48.65	6.7e-13	1.5e-16	1	0	
XP_447567.2_Cglabrata	742	781	741	781	PF00624.18	Flocculin	2	41	41	48.65	6.7e-13	1.5e-16	1	0	
XP_447567.2_Cglabrata	787	826	786	826	PF00624.18	Flocculin	2	41	41	48.65	6.7e-13	1.5e-16	1	0	
XP_447567.2_Cglabrata	832	871	831	871	PF00624.18	Flocculin	2	41	41	48.65	6.7e-13	1.5e-16	1	0	
XP_447567.2_Cglabrata	877	916	876	916	PF00624.18	Flocculin	2	41	41	48.65	6.7e-13	1.5e-16	1	0	
XP_447567.2_Cglabrata	922	961	921	961	PF00624.18	Flocculin	2	41	41	48.65	6.7e-13	1.5e-16	1	0	
XP_447567.2_Cglabrata	967	1006	966	1006	PF00624.18	Flocculin	2	41	41	48.65	6.7e-13	1.5e-16	1	0	
XP_447567.2_Cglabrata	1012	1051	1011	1051	PF00624.18	Flocculin	2	41	41	48.65	6.7e-13	1.5e-16	1	0	
XP_447567.2_Cglabrata	1057	1096	1056	1096	PF00624.18	Flocculin	2	41	41	48.65	6.7e-13	1.5e-16	1	0	
XP_447567.2_Cglabrata	1102	1141	1101	1141	PF00624.18	Flocculin	2	41	41	48.65	6.7e-13	1.5e-16	1	0	
XP_447567.2_Cglabrata	1147	1186	1146	1186	PF00624.18	Flocculin	2	41	41	48.65	6.7e-13	1.5e-16	1	0	
XP_447567.2_Cglabrata	1192	1231	1191	1231	PF00624.18	Flocculin	2	41	41	48.65	6.7e-13	1.5e-16	1	0	
XP_447567.2_Cglabrata	13	329	12	333	PF11765.8	Hyphal_reg_CWP	2	325	328	265.62	5.0e-79	1.1e-82	1	0	
XP_002614120.1_Clusitaniae	13	333	11	333	PF11765.8	Hyphal_reg_CWP	3	328	328	245.28	7.6e-73	4.3e-77	1	0	
XP_445977.1_Cglabrata	15	341	14	341	PF11765.8	Hyphal_reg_CWP	2	328	328	269.11	4.3e-80	4.8e-84	1	0	
XP_445977.1_Cglabrata	346	385	345	385	PF00624.18	Flocculin	2	41	41	35.44	9.0e-09	1.0e-12	1	0	
XP_445977.1_Cglabrata	391	430	390	430	PF00624.18	Flocculin	2	41	41	46.04	4.4e-12	4.9e-16	1	0	
XP_445977.1_Cglabrata	436	475	435	475	PF00624.18	Flocculin	2	41	41	35.33	9.7e-09	1.1e-12	1	0	
XP_445977.1_Cglabrata	481	520	480	520	PF00624.18	Flocculin	2	41	41	41.39	1.2e-10	1.4e-14	1	0	
B9J08_004098_Cauris	14	326	11	326	PF11765.8	Hyphal_reg_CWP	4	328	328	253.55	2.3e-75	1.3e-79	1	0	
CLUG_05233_Clusitaniae	12	333	11	333	PF11765.8	Hyphal_reg_CWP	2	328	328	239.05	6.0e-71	3.4e-75	1	0	
CPAR2_600430_Cparapsilosis	12	346	11	346	PF11765.8	Hyphal_reg_CWP	2	328	328	354.21	5.5e-106	9.2e-110	1	0	
CPAR2_600430_Cparapsilosis	875	909	872	909	PF04886.12	PT	1	35	36	37.70	1.1e-09	1.8e-13	1	0	
CPAR2_806390_Cparapsilosis	370	412	370	412	PF15789.5	Hyr1	1	41	41	50.16	1.4e-13	1.5e-17	1	0	
CPAR2_806390_Cparapsilosis	414	453	413	453	PF15789.5	Hyr1	2	41	41	55.77	2.4e-15	2.7e-19	1	0	
CPAR2_806390_Cparapsilosis	454	493	454	493	PF15789.5	Hyr1	1	41	41	57.59	6.5e-16	7.3e-20	1	0	
CPAR2_806390_Cparapsilosis	494	534	494	534	PF15789.5	Hyr1	1	41	41	57.33	7.9e-16	8.8e-20	1	0	
CPAR2_806390_Cparapsilosis	535	575	535	575	PF15789.5	Hyr1	1	41	41	60.70	7.0e-17	7.8e-21	1	0	
CPAR2_806390_Cparapsilosis	576	616	576	616	PF15789.5	Hyr1	1	41	41	57.18	8.8e-16	9.8e-20	1	0	
CPAR2_806390_Cparapsilosis	617	657	617	657	PF15789.5	Hyr1	1	41	41	57.18	8.8e-16	9.8e-20	1	0	
CPAR2_806390_Cparapsilosis	658	698	658	698	PF15789.5	Hyr1	1	41	41	60.70	7.0e-17	7.8e-21	1	0	
CPAR2_806390_Cparapsilosis	699	739	699	739	PF15789.5	Hyr1	1	41	41	60.70	7.0e-17	7.8e-21	1	0	
CPAR2_806390_Cparapsilosis	740	780	740	780	PF15789.5	Hyr1	1	41	41	60.70	7.0e-17	7.8e-21	1	0	
CPAR2_806390_Cparapsilosis	781	821	781	821	PF15789.5	Hyr1	1	41	41	57.65	6.3e-16	7.0e-20	1	0	
CPAR2_806390_Cparapsilosis	822	862	822	862	PF15789.5	Hyr1	1	41	41	60.70	7.0e-17	7.8e-21	1	0	
CPAR2_806390_Cparapsilosis	863	903	863	903	PF15789.5	Hyr1	1	41	41	61.24	4.7e-17	5.3e-21	1	0	
CPAR2_806390_Cparapsilosis	904	944	904	944	PF15789.5	Hyr1	1	41	41	54.13	7.9e-15	8.8e-19	1	0	
CPAR2_806390_Cparapsilosis	945	985	945	985	PF15789.5	Hyr1	1	41	41	61.24	4.7e-17	5.3e-21	1	0	
CPAR2_806390_Cparapsilosis	986	1026	986	1026	PF15789.5	Hyr1	1	41	41	54.13	7.9e-15	8.8e-19	1	0	
CPAR2_806390_Cparapsilosis	1027	1067	1027	1067	PF15789.5	Hyr1	1	41	41	53.59	1.2e-14	1.3e-18	1	0	
CPAR2_806390_Cparapsilosis	1068	1108	1068	1108	PF15789.5	Hyr1	1	41	41	61.24	4.7e-17	5.3e-21	1	0	
CPAR2_806390_Cparapsilosis	1109	1149	1109	1149	PF15789.5	Hyr1	1	41	41	54.13	7.9e-15	8.8e-19	1	0	
CPAR2_806390_Cparapsilosis	1150	1190	1150	1190	PF15789.5	Hyr1	1	41	41	53.59	1.2e-14	1.3e-18	1	0	
CPAR2_806390_Cparapsilosis	1191	1231	1191	1231	PF15789.5	Hyr1	1	41	41	61.39	4.2e-17	4.7e-21	1	0	
CPAR2_806390_Cparapsilosis	1232	1272	1232	1272	PF15789.5	Hyr1	1	41	41	60.70	7.0e-17	7.8e-21	1	0	
CPAR2_806390_Cparapsilosis	1273	1313	1273	1313	PF15789.5	Hyr1	1	41	41	54.13	7.9e-15	8.8e-19	1	0	
CPAR2_806390_Cparapsilosis	1314	1354	1314	1354	PF15789.5	Hyr1	1	41	41	53.59	1.2e-14	1.3e-18	1	0	
CPAR2_806390_Cparapsilosis	1355	1395	1355	1395	PF15789.5	Hyr1	1	41	41	57.65	6.3e-16	7.0e-20	1	0	
CPAR2_806390_Cparapsilosis	12	342	11	342	PF11765.8	Hyphal_reg_CWP	2	328	328	349.41	1.6e-104	1.8e-108	1	0	
CPAR2_806420_Cparapsilosis	11	341	10	341	PF11765.8	Hyphal_reg_CWP	2	328	328	372.19	1.9e-111	1.0e-115	1	0	
NADE0s05e04136g_Ndelphensis	19	329	10	334	PF11765.8	Hyphal_reg_CWP	8	324	328	249.20	4.9e-74	5.5e-78	1	0	
NADE0s05e04136g_Ndelphensis	384	409	383	409	PF00624.18	Flocculin	2	27	41	20.85	0.00033	3.6e-08	1	0	
XP_452176.1_Klactis	25	337	19	340	PF11765.8	Hyphal_reg_CWP	7	324	328	250.88	1.5e-74	8.4e-79	1	0	
CABR0s21e03234g_Nbracarensis	13	338	11	338	PF11765.8	Hyphal_reg_CWP	3	328	328	242.59	5.1e-72	5.6e-76	1	0	
CABR0s21e03234g_Nbracarensis	342	382	342	382	PF00624.18	Flocculin	1	41	41	28.53	1.3e-06	1.4e-10	1	0	
CABR0s21e03234g_Nbracarensis	388	427	387	427	PF00624.18	Flocculin	2	41	41	36.80	3.4e-09	3.8e-13	1	0	
CANI0s04e00110g_Nnivariensis	12	337	10	337	PF11765.8	Hyphal_reg_CWP	3	328	328	234.24	1.8e-69	2.0e-73	1	0	
CANI0s04e00110g_Nnivariensis	344	381	341	381	PF00624.18	Flocculin	4	41	41	34.34	2.0e-08	2.2e-12	1	0	
CANI0s04e00110g_Nnivariensis	387	426	386	426	PF00624.18	Flocculin	2	41	41	39.96	3.5e-10	3.9e-14	1	0	
CANI0s04e00110g_Nnivariensis	432	471	431	471	PF00624.18	Flocculin	2	41	41	40.13	3.1e-10	3.4e-14	1	0	
