seq_id	alignment_start	alignment_end	envelope_start	envelope_end	hmm_acc	hmm_name	hmm_start	hmm_end	hmm_length	bit_score	Individual_e_value	database_significant	clan
XP_036667770.1	12	346	11	346	PF11765.8	Hyphal_reg_CWP	2	328	328	357.7	4.8e-107	1	0
XP_036664322.1	12	345	11	345	PF11765.8	Hyphal_reg_CWP	2	328	328	339.6	1.6e-101	1	0
XP_003868555.1	12	345	11	345	PF11765.8	Hyphal_reg_CWP	2	328	328	354.1	6.1e-106	1	0
XP_002550768.1	17	326	8	329	PF11765.8	Hyphal_reg_CWP	10	324	328	289.4	2.8e-86	1	0
XP_036663837.1	2	340	1	340	PF11765.8	Hyphal_reg_CWP	2	328	328	323.9	9.2e-97	1	0
XP_002419003.1	14	342	10	342	PF11765.8	Hyphal_reg_CWP	4	328	328	329.5	1.8e-98	1	0
XP_002419003.1	434	477	434	477	PF13928.6	Flocculin_t3	1	44	44	50.2	2.7e-13	1	0
XP_036665265.1	11	341	10	341	PF11765.8	Hyphal_reg_CWP	2	328	328	372.2	1.9e-111	1	0
XP_717774.1	14	342	11	342	PF11765.8	Hyphal_reg_CWP	4	328	328	330.8	7.2e-99	1	0
XP_717774.1	409	452	409	452	PF13928.6	Flocculin_t3	1	44	44	52.4	5.4e-14	1	0
XP_036663836.1	16	347	12	347	PF11765.8	Hyphal_reg_CWP	5	328	328	333.9	8.6e-100	1	0
XP_002546744.1	15	326	10	326	PF11765.8	Hyphal_reg_CWP	5	328	328	264.3	1.3e-78	1	0
XP_006684896.1	31	361	30	361	PF11765.8	Hyphal_reg_CWP	2	328	328	342.5	2e-102	1	0
XP_036662815.1	12	346	11	346	PF11765.8	Hyphal_reg_CWP	2	328	328	354.2	5.5e-106	1	0
XP_036662815.1	875	909	872	909	PF04886.12	PT	1	35	36	37.7	1.1e-09	1	0
XP_717775.2	13	342	9	342	PF11765.8	Hyphal_reg_CWP	3	328	328	308.1	5.9e-92	1	0
XP_002547891.1	13	326	11	326	PF11765.8	Hyphal_reg_CWP	3	328	328	284.2	1.1e-84	1	0
XP_002547891.1	530	573	530	573	PF13928.6	Flocculin_t3	1	44	44	46.9	2.9e-12	1	0
XP_002550387.1	16	314	10	320	PF11765.8	Hyphal_reg_CWP	7	323	328	239.0	6.2e-71	1	0
XP_002419002.1	13	342	9	342	PF11765.8	Hyphal_reg_CWP	3	328	328	305.0	5.2e-91	1	0
XP_003959094.1	22	337	15	338	PF11765.8	Hyphal_reg_CWP	7	327	328	205.4	1e-60	1	0
XP_036665263.1	12	346	11	346	PF11765.8	Hyphal_reg_CWP	2	328	328	346.8	1e-103	1	0
XP_002614819.1	15	332	11	332	PF11765.8	Hyphal_reg_CWP	5	328	328	251.0	1.4e-74	1	0
XP_002614815.1	13	333	11	333	PF11765.8	Hyphal_reg_CWP	3	328	328	260.1	2.4e-77	1	0
XP_020067797.1	14	331	11	334	PF11765.8	Hyphal_reg_CWP	4	324	328	202.3	9.3e-60	1	0
XP_002615218.1	12	333	11	333	PF11765.8	Hyphal_reg_CWP	2	328	328	239.1	6e-71	1	0
XP_002614120.1	13	333	11	333	PF11765.8	Hyphal_reg_CWP	3	328	328	245.3	7.6e-73	1	0
XP_002620045.1	10	229	7	230	PF11765.8	Hyphal_reg_CWP	94	316	328	161.3	2.8e-47	1	0
XP_001527307.1	20	333	16	333	PF11765.8	Hyphal_reg_CWP	4	328	328	201.0	2.3e-59	1	0
XP_003958926.1	25	333	13	334	PF11765.8	Hyphal_reg_CWP	11	327	328	190.8	2.9e-56	1	0
XP_002614121.1	13	333	11	333	PF11765.8	Hyphal_reg_CWP	3	328	328	241.2	1.4e-71	1	0
XP_020068387.1	11	327	7	333	PF11765.8	Hyphal_reg_CWP	5	323	328	192.6	8e-57	1	0
XP_002999585.1	20	335	17	337	PF11765.8	Hyphal_reg_CWP	3	325	328	179.1	1.1e-52	1	0
XP_007375135.1	24	286	2	293	PF11765.8	Hyphal_reg_CWP	39	318	328	122.7	1.5e-35	1	0
XP_007376669.1	8	310	6	321	PF11765.8	Hyphal_reg_CWP	3	312	328	126.8	8.4e-37	1	0
XP_018713478.1	1	212	1	216	PF11765.8	Hyphal_reg_CWP	114	324	328	131.7	2.7e-38	1	0
XP_003956397.1	10	282	8	286	PF11765.8	Hyphal_reg_CWP	3	287	328	134.9	3e-39	1	0
XP_445977.1	15	341	14	341	PF11765.8	Hyphal_reg_CWP	2	328	328	269.1	4.3e-80	1	0
XP_445977.1	346	385	345	385	PF00624.18	Flocculin	2	41	41	35.4	9e-09	1	0
XP_445977.1	391	430	390	430	PF00624.18	Flocculin	2	41	41	46.0	4.4e-12	1	0
XP_445977.1	436	475	435	475	PF00624.18	Flocculin	2	41	41	35.3	9.7e-09	1	0
XP_445977.1	481	520	480	520	PF00624.18	Flocculin	2	41	41	41.4	1.2e-10	1	0
XP_447567.2	13	329	12	333	PF11765.8	Hyphal_reg_CWP	2	325	328	265.6	5e-79	1	0
XP_447567.2	426	466	426	466	PF00624.18	Flocculin	1	41	41	49.2	4.5e-13	1	0
XP_447567.2	472	511	471	511	PF00624.18	Flocculin	2	41	41	48.7	6.7e-13	1	0
XP_447567.2	517	556	516	556	PF00624.18	Flocculin	2	41	41	48.7	6.7e-13	1	0
XP_447567.2	562	601	561	601	PF00624.18	Flocculin	2	41	41	48.7	6.7e-13	1	0
XP_447567.2	607	646	606	646	PF00624.18	Flocculin	2	41	41	48.7	6.7e-13	1	0
XP_447567.2	652	691	651	691	PF00624.18	Flocculin	2	41	41	48.7	6.7e-13	1	0
XP_447567.2	697	736	696	736	PF00624.18	Flocculin	2	41	41	48.7	6.7e-13	1	0
XP_447567.2	742	781	741	781	PF00624.18	Flocculin	2	41	41	48.7	6.7e-13	1	0
XP_447567.2	787	826	786	826	PF00624.18	Flocculin	2	41	41	48.7	6.7e-13	1	0
XP_447567.2	832	871	831	871	PF00624.18	Flocculin	2	41	41	48.7	6.7e-13	1	0
XP_447567.2	877	916	876	916	PF00624.18	Flocculin	2	41	41	48.7	6.7e-13	1	0
XP_447567.2	922	961	921	961	PF00624.18	Flocculin	2	41	41	48.7	6.7e-13	1	0
XP_447567.2	967	1006	966	1006	PF00624.18	Flocculin	2	41	41	48.7	6.7e-13	1	0
XP_447567.2	1012	1051	1011	1051	PF00624.18	Flocculin	2	41	41	48.7	6.7e-13	1	0
XP_447567.2	1057	1096	1056	1096	PF00624.18	Flocculin	2	41	41	48.7	6.7e-13	1	0
XP_447567.2	1102	1141	1101	1141	PF00624.18	Flocculin	2	41	41	48.7	6.7e-13	1	0
XP_447567.2	1147	1186	1146	1186	PF00624.18	Flocculin	2	41	41	48.7	6.7e-13	1	0
XP_447567.2	1192	1231	1191	1231	PF00624.18	Flocculin	2	41	41	48.7	6.7e-13	1	0
XP_003672684.1	13	328	11	328	PF11765.8	Hyphal_reg_CWP	3	328	328	285.4	4.7e-85	1	0
XP_022466292.1	15	333	14	333	PF11765.8	Hyphal_reg_CWP	2	328	328	272.5	3.9e-81	1	0
XP_022466292.1	701	797	699	798	PF00660.17	SRP1_TIP1	3	98	99	72.7	2e-20	1	0
XP_003678549.1	17	331	15	331	PF11765.8	Hyphal_reg_CWP	4	328	328	282.0	5.2e-84	1	0
XP_022466281.1	40	358	39	358	PF11765.8	Hyphal_reg_CWP	2	328	328	273.9	1.5e-81	1	0
XP_022466281.1	725	822	724	823	PF00660.17	SRP1_TIP1	2	98	99	72.9	1.8e-20	1	0
XP_003671892.1	12	327	10	327	PF11765.8	Hyphal_reg_CWP	3	328	328	286.7	2e-85	1	0
XP_452176.1	25	337	19	340	PF11765.8	Hyphal_reg_CWP	7	324	328	250.9	1.5e-74	1	0
XP_003957739.1	6	231	1	237	PF11765.8	Hyphal_reg_CWP	66	290	328	150.3	5.9e-44	1	0
XP_003958230.1	15	244	5	246	PF11765.8	Hyphal_reg_CWP	79	325	328	148.1	2.9e-43	1	0
XP_003956376.1	4	238	1	239	PF11765.8	Hyphal_reg_CWP	77	327	328	162.5	1.2e-47	1	0
XP_022464879.1	10	329	9	331	PF11765.8	Hyphal_reg_CWP	2	326	328	210.4	3.2e-62	1	0
XP_007373711.1	12	294	10	301	PF11765.8	Hyphal_reg_CWP	3	321	328	102.7	1.9e-29	1	0
KAG2734361.1	11	337	10	337	PF11765.8	Hyphal_reg_CWP	2	328	328	405.6	1.3e-121	1	0
KAG2734361.1	375	406	375	406	PF05792.13	Candida_ALS	1	32	32	23.3	7e-05	1	0
KAG2734361.1	413	444	413	444	PF05792.13	Candida_ALS	1	32	32	30.0	5.9e-07	1	0
KAG2734361.1	451	482	451	482	PF05792.13	Candida_ALS	1	32	32	30.0	5.9e-07	1	0
KAG2734361.1	489	520	489	520	PF05792.13	Candida_ALS	1	32	32	30.0	5.9e-07	1	0
KAG2734361.1	527	558	527	558	PF05792.13	Candida_ALS	1	32	32	22.7	0.00011	1	0
KAG2735578.1	2	321	1	321	PF11765.8	Hyphal_reg_CWP	10	328	328	389.7	8.9e-117	1	0
KAG2735578.1	376	406	376	406	PF05792.13	Candida_ALS	2	32	32	28.7	1.4e-06	1	0
KAG2735578.1	411	442	411	442	PF05792.13	Candida_ALS	1	32	32	29.1	1.1e-06	1	0
KAG2735578.1	447	478	447	478	PF05792.13	Candida_ALS	1	32	32	29.1	1.1e-06	1	0
KAG2735578.1	483	514	483	514	PF05792.13	Candida_ALS	1	32	32	29.1	1.1e-06	1	0
KAG2735578.1	521	552	521	552	PF05792.13	Candida_ALS	1	32	32	29.1	1.1e-06	1	0
KAG2735578.1	559	590	559	590	PF05792.13	Candida_ALS	1	32	32	29.1	1.1e-06	1	0
KAG2735578.1	597	628	597	628	PF05792.13	Candida_ALS	1	32	32	29.1	1.1e-06	1	0
KAG2735578.1	635	666	635	666	PF05792.13	Candida_ALS	1	32	32	29.1	1.1e-06	1	0
KAG2735578.1	673	704	673	704	PF05792.13	Candida_ALS	1	32	32	29.1	1.1e-06	1	0
KAG2735578.1	709	740	709	740	PF05792.13	Candida_ALS	1	32	32	29.1	1.1e-06	1	0
KAG2735578.1	747	778	747	778	PF05792.13	Candida_ALS	1	32	32	29.1	1.1e-06	1	0
KAG2735578.1	785	816	785	816	PF05792.13	Candida_ALS	1	32	32	29.1	1.1e-06	1	0
KAG2735578.1	823	854	823	854	PF05792.13	Candida_ALS	1	32	32	29.1	1.1e-06	1	0
KAG2735578.1	861	892	861	892	PF05792.13	Candida_ALS	1	32	32	29.1	1.1e-06	1	0
KAG2735578.1	899	930	899	930	PF05792.13	Candida_ALS	1	32	32	29.1	1.1e-06	1	0
KAG2735578.1	935	966	935	966	PF05792.13	Candida_ALS	1	32	32	29.1	1.1e-06	1	0
KAG2735578.1	973	1004	973	1004	PF05792.13	Candida_ALS	1	32	32	29.1	1.1e-06	1	0
KAG2735578.1	1011	1042	1011	1042	PF05792.13	Candida_ALS	1	32	32	29.1	1.1e-06	1	0
KAG2735578.1	1049	1080	1049	1080	PF05792.13	Candida_ALS	1	32	32	29.1	1.1e-06	1	0
KAG2735578.1	1087	1118	1087	1118	PF05792.13	Candida_ALS	1	32	32	29.1	1.1e-06	1	0
KAG2735578.1	1125	1156	1125	1156	PF05792.13	Candida_ALS	1	32	32	29.1	1.1e-06	1	0
KAG2735578.1	1161	1192	1161	1192	PF05792.13	Candida_ALS	1	32	32	29.1	1.1e-06	1	0
KAG2735578.1	1199	1230	1199	1230	PF05792.13	Candida_ALS	1	32	32	29.1	1.1e-06	1	0
KAG2735578.1	1235	1266	1235	1266	PF05792.13	Candida_ALS	1	32	32	29.1	1.1e-06	1	0
KAG2735578.1	1273	1304	1273	1304	PF05792.13	Candida_ALS	1	32	32	29.1	1.1e-06	1	0
KAG2733521.1	11	337	10	337	PF11765.8	Hyphal_reg_CWP	2	328	328	403.0	8.2e-121	1	0
KAG2733521.1	391	422	391	422	PF05792.13	Candida_ALS	1	32	32	25.8	1.1e-05	1	0
KAG2733521.1	427	458	427	458	PF05792.13	Candida_ALS	1	32	32	29.5	8.1e-07	1	0
KAG2733521.1	463	494	463	494	PF05792.13	Candida_ALS	1	32	32	29.5	8.1e-07	1	0
KAG2733521.1	499	530	499	530	PF05792.13	Candida_ALS	1	32	32	29.5	8.1e-07	1	0
KAG2733521.1	535	566	535	566	PF05792.13	Candida_ALS	1	32	32	29.5	8.1e-07	1	0
KAG2733521.1	573	604	573	604	PF05792.13	Candida_ALS	1	32	32	31.1	2.5e-07	1	0
KAG2733521.1	611	642	611	642	PF05792.13	Candida_ALS	1	32	32	29.4	8.9e-07	1	0
KAG2733521.1	649	680	649	680	PF05792.13	Candida_ALS	1	32	32	29.4	8.9e-07	1	0
KAG2733521.1	687	718	687	718	PF05792.13	Candida_ALS	1	32	32	29.4	8.9e-07	1	0
KAG2733521.1	725	756	725	756	PF05792.13	Candida_ALS	1	32	32	29.4	8.9e-07	1	0
KAG2731421.1	12	341	10	341	PF11765.8	Hyphal_reg_CWP	3	328	328	403.0	8e-121	1	0
KAG2731421.1	375	406	375	406	PF05792.13	Candida_ALS	1	32	32	19.7	0.00094	1	0
KAG2731421.1	426	457	426	457	PF05792.13	Candida_ALS	1	32	32	28.3	2e-06	1	0
KAG2731421.1	471	502	471	502	PF05792.13	Candida_ALS	1	32	32	28.3	2e-06	1	0
KAG2731421.1	516	547	516	547	PF05792.13	Candida_ALS	1	32	32	28.3	2e-06	1	0
KAG2731421.1	554	585	554	585	PF05792.13	Candida_ALS	1	32	32	28.3	2e-06	1	0
KAG2731421.1	599	630	599	630	PF05792.13	Candida_ALS	1	32	32	28.3	2e-06	1	0
KAG2731421.1	645	676	645	676	PF05792.13	Candida_ALS	1	32	32	30.1	5.4e-07	1	0
KAG2731421.1	683	714	683	714	PF05792.13	Candida_ALS	1	32	32	29.6	7.3e-07	1	0
KAG2731421.1	721	752	721	752	PF05792.13	Candida_ALS	1	32	32	27.6	3.2e-06	1	0
KAG2731421.1	759	790	759	790	PF05792.13	Candida_ALS	1	32	32	30.1	5.4e-07	1	0
KAG2731421.1	805	836	805	836	PF05792.13	Candida_ALS	1	32	32	28.3	2e-06	1	0
KAG2732535.1	11	337	10	337	PF11765.8	Hyphal_reg_CWP	2	328	328	390.8	4e-117	1	0
KAG2732535.1	391	422	391	422	PF05792.13	Candida_ALS	1	32	32	28.0	2.5e-06	1	0
KAG2732535.1	427	458	427	458	PF05792.13	Candida_ALS	1	32	32	27.5	3.6e-06	1	0
KAG2732535.1	463	494	463	494	PF05792.13	Candida_ALS	1	32	32	27.5	3.6e-06	1	0
KAG2732535.1	499	530	499	530	PF05792.13	Candida_ALS	1	32	32	28.3	2e-06	1	0
KAG2732535.1	535	566	535	566	PF05792.13	Candida_ALS	1	32	32	24.3	3.4e-05	1	0
KAG2732535.1	573	604	573	604	PF05792.13	Candida_ALS	1	32	32	28.3	2e-06	1	0
KAG2732535.1	609	640	609	640	PF05792.13	Candida_ALS	1	32	32	28.3	2e-06	1	0
KAG2732535.1	645	676	645	676	PF05792.13	Candida_ALS	1	32	32	24.3	3.4e-05	1	0
KAG2732535.1	683	714	683	714	PF05792.13	Candida_ALS	1	32	32	28.3	2e-06	1	0
KAG2732535.1	719	750	719	750	PF05792.13	Candida_ALS	1	32	32	24.3	3.4e-05	1	0
KAG2732535.1	757	788	757	788	PF05792.13	Candida_ALS	1	32	32	28.3	2e-06	1	0
KAG2732535.1	793	824	793	824	PF05792.13	Candida_ALS	1	32	32	24.3	3.4e-05	1	0
KAG2732535.1	831	862	831	862	PF05792.13	Candida_ALS	1	32	32	28.3	2e-06	1	0
KAG2732535.1	867	898	867	898	PF05792.13	Candida_ALS	1	32	32	28.4	1.8e-06	1	0
KAG2732535.1	905	936	905	936	PF05792.13	Candida_ALS	1	32	32	28.4	1.8e-06	1	0
KAG2732535.1	943	974	943	974	PF05792.13	Candida_ALS	1	32	32	28.3	2e-06	1	0
KAG2732535.1	979	1010	979	1010	PF05792.13	Candida_ALS	1	32	32	28.4	1.8e-06	1	0
KAG2732535.1	1017	1048	1017	1048	PF05792.13	Candida_ALS	1	32	32	28.3	2e-06	1	0
KAG2732535.1	1053	1084	1053	1084	PF05792.13	Candida_ALS	1	32	32	15.3	0.022	1	0
KAG2732535.1	1089	1120	1089	1120	PF05792.13	Candida_ALS	1	32	32	25.6	1.3e-05	1	0
KAG2732535.1	1125	1156	1125	1156	PF05792.13	Candida_ALS	1	32	32	28.3	2e-06	1	0
KAG2732535.1	1163	1194	1163	1194	PF05792.13	Candida_ALS	1	32	32	32.5	9.7e-08	1	0
KAG2732535.1	1201	1232	1201	1232	PF05792.13	Candida_ALS	1	32	32	29.3	9.4e-07	1	0
KAG2732535.1	1239	1270	1239	1270	PF05792.13	Candida_ALS	1	32	32	28.3	2e-06	1	0
KAG2732535.1	1275	1306	1275	1306	PF05792.13	Candida_ALS	1	32	32	19.0	0.0016	1	0
KAG2732535.1	1311	1342	1311	1342	PF05792.13	Candida_ALS	1	32	32	25.6	1.3e-05	1	0
KAG2732535.1	1347	1378	1347	1378	PF05792.13	Candida_ALS	1	32	32	28.4	1.8e-06	1	0
KAG2732535.1	1383	1414	1383	1414	PF05792.13	Candida_ALS	1	32	32	28.4	1.8e-06	1	0
KAG2732535.1	1421	1452	1421	1452	PF05792.13	Candida_ALS	1	32	32	28.3	2e-06	1	0
KAG2732535.1	1457	1488	1457	1488	PF05792.13	Candida_ALS	1	32	32	28.4	1.8e-06	1	0
KAG2732535.1	1495	1526	1495	1526	PF05792.13	Candida_ALS	1	32	32	28.3	2e-06	1	0
KAG2732535.1	1531	1562	1531	1562	PF05792.13	Candida_ALS	1	32	32	28.4	1.8e-06	1	0
KAG2732535.1	1569	1600	1569	1600	PF05792.13	Candida_ALS	1	32	32	28.3	2e-06	1	0
KAG2732535.1	1605	1636	1605	1636	PF05792.13	Candida_ALS	1	32	32	28.4	1.8e-06	1	0
KAG2732535.1	1643	1674	1643	1674	PF05792.13	Candida_ALS	1	32	32	28.3	2e-06	1	0
KAG2732535.1	1679	1710	1679	1710	PF05792.13	Candida_ALS	1	32	32	28.4	1.8e-06	1	0
KAG2732535.1	1717	1748	1717	1748	PF05792.13	Candida_ALS	1	32	32	28.0	2.3e-06	1	0
KAG2732535.1	1753	1784	1753	1784	PF05792.13	Candida_ALS	1	32	32	14.6	0.038	1	0
KAG2732535.1	1789	1820	1789	1820	PF05792.13	Candida_ALS	1	32	32	25.4	1.5e-05	1	0
KAG2732535.1	1827	1858	1827	1858	PF05792.13	Candida_ALS	1	32	32	28.0	2.3e-06	1	0
KAG2732535.1	1863	1894	1863	1894	PF05792.13	Candida_ALS	1	32	32	27.7	3e-06	1	0
KAG2732535.1	1899	1930	1899	1930	PF05792.13	Candida_ALS	1	32	32	23.3	7.1e-05	1	0
KAG2732535.1	1945	1976	1945	1976	PF05792.13	Candida_ALS	1	32	32	25.9	1.1e-05	1	0
KAG2732535.1	1981	2012	1981	2012	PF05792.13	Candida_ALS	1	32	32	29.1	1.1e-06	1	0
KAG2732535.1	2017	2048	2017	2048	PF05792.13	Candida_ALS	1	32	32	28.4	1.8e-06	1	0
KAG2732535.1	2053	2084	2053	2084	PF05792.13	Candida_ALS	1	32	32	28.0	2.3e-06	1	0
KAG2732535.1	2089	2120	2089	2120	PF05792.13	Candida_ALS	1	32	32	14.6	0.038	1	0
KAG2732535.1	2125	2156	2125	2156	PF05792.13	Candida_ALS	1	32	32	25.4	1.5e-05	1	0
KAG2732535.1	2163	2194	2163	2194	PF05792.13	Candida_ALS	1	32	32	28.0	2.3e-06	1	0
KAG2731009.1	11	339	10	339	PF11765.8	Hyphal_reg_CWP	2	328	328	410.4	4.6e-123	1	0
KAG2731009.1	393	424	393	424	PF05792.13	Candida_ALS	1	32	32	38.1	1.7e-09	1	0
KAG2731009.1	429	460	429	460	PF05792.13	Candida_ALS	1	32	32	29.4	8.5e-07	1	0
KAG2731009.1	467	498	467	498	PF05792.13	Candida_ALS	1	32	32	32.8	7.8e-08	1	0
KAG2731009.1	505	536	505	536	PF05792.13	Candida_ALS	1	32	32	34.8	1.8e-08	1	0
KAG2731009.1	543	574	543	574	PF05792.13	Candida_ALS	1	32	32	30.0	5.7e-07	1	0
KAG2731009.1	589	620	589	620	PF05792.13	Candida_ALS	1	32	32	30.0	5.7e-07	1	0
KAG2731009.1	635	666	635	666	PF05792.13	Candida_ALS	1	32	32	30.0	5.7e-07	1	0
KAG2731009.1	681	712	681	712	PF05792.13	Candida_ALS	1	32	32	30.0	5.7e-07	1	0
KAG2733788.1	12	336	11	336	PF11765.8	Hyphal_reg_CWP	2	328	328	271.4	8.7e-81	1	0
KAG2733788.1	346	377	346	377	PF05792.13	Candida_ALS	1	32	32	21.6	0.00023	1	0
KAG2733788.1	421	452	421	452	PF05792.13	Candida_ALS	1	32	32	22.1	0.00016	1	0
KAG2733788.1	496	527	496	527	PF05792.13	Candida_ALS	1	32	32	22.1	0.00016	1	0
KAG2733788.1	571	602	571	602	PF05792.13	Candida_ALS	1	32	32	22.1	0.00016	1	0
KAG2733788.1	646	677	646	677	PF05792.13	Candida_ALS	1	32	32	22.1	0.00016	1	0
KAG2733788.1	721	752	721	752	PF05792.13	Candida_ALS	1	32	32	22.1	0.00016	1	0
KAG2733788.1	776	807	776	807	PF05792.13	Candida_ALS	1	32	32	22.1	0.00016	1	0
KAG2733788.1	831	862	831	862	PF05792.13	Candida_ALS	1	32	32	23.0	9.1e-05	1	0
KAG2733788.1	876	907	876	907	PF05792.13	Candida_ALS	1	32	32	23.0	9.1e-05	1	0
KAG2733788.1	921	952	921	952	PF05792.13	Candida_ALS	1	32	32	23.0	9.1e-05	1	0
KAG2733788.1	966	997	966	997	PF05792.13	Candida_ALS	1	32	32	23.0	9.1e-05	1	0
KAG2733788.1	1011	1042	1011	1042	PF05792.13	Candida_ALS	1	32	32	23.0	9.1e-05	1	0
KAG2733788.1	1056	1087	1056	1087	PF05792.13	Candida_ALS	1	32	32	21.1	0.00035	1	0
KAG2733788.1	1101	1132	1101	1132	PF05792.13	Candida_ALS	1	32	32	23.0	9.1e-05	1	0
KAG2733788.1	1146	1177	1146	1177	PF05792.13	Candida_ALS	1	32	32	21.1	0.00035	1	0
KAG2733788.1	1191	1222	1191	1222	PF05792.13	Candida_ALS	1	32	32	23.0	9.1e-05	1	0
KAG2733788.1	1236	1267	1236	1267	PF05792.13	Candida_ALS	1	32	32	21.1	0.00035	1	0
KAG2733788.1	1286	1317	1286	1317	PF05792.13	Candida_ALS	1	32	32	21.1	0.00035	1	0
KAG2733788.1	1336	1367	1336	1367	PF05792.13	Candida_ALS	1	32	32	11.5	0.34	1	0
XP_028889033.1	14	325	12	327	PF11765.8	Hyphal_reg_CWP	3	326	328	246.0	4.6e-73	1	0
XP_028889033.1	525	549	522	549	PF15789.5	Hyr1	17	41	41	25.4	7.4e-06	1	0
XP_028889033.1	603	637	597	637	PF15789.5	Hyr1	6	41	41	21.2	0.00016	1	0
XP_028889033.1	645	681	641	681	PF15789.5	Hyr1	5	41	41	23.7	2.6e-05	1	0
XP_028889033.1	731	769	729	769	PF15789.5	Hyr1	3	41	41	21.6	0.00012	1	0
XP_028889033.1	778	813	773	813	PF15789.5	Hyr1	5	41	41	24.9	1.1e-05	1	0
XP_028889033.1	820	857	817	857	PF15789.5	Hyr1	4	41	41	25.0	9.7e-06	1	0
XP_028889033.1	909	945	905	945	PF15789.5	Hyr1	5	41	41	20.5	0.00025	1	0
XP_028889033.1	954	989	949	989	PF15789.5	Hyr1	5	41	41	26.3	3.9e-06	1	0
XP_028889033.1	998	1033	993	1033	PF15789.5	Hyr1	5	41	41	23.5	2.9e-05	1	0
XP_028889033.1	1039	1077	1037	1077	PF15789.5	Hyr1	3	41	41	33.2	2.7e-08	1	0
XP_028889033.1	1087	1121	1081	1121	PF15789.5	Hyr1	6	41	41	31.4	1e-07	1	0
XP_028889033.1	1127	1165	1125	1165	PF15789.5	Hyr1	3	41	41	20.3	0.0003	1	0
XP_028889033.1	1175	1209	1169	1209	PF15789.5	Hyr1	6	41	41	25.3	7.7e-06	1	0
XP_028889033.1	1219	1253	1213	1253	PF15789.5	Hyr1	6	41	41	22.2	7.6e-05	1	0
XP_028889033.1	1303	1341	1301	1341	PF15789.5	Hyr1	3	41	41	23.4	3.2e-05	1	0
XP_028889033.1	1350	1385	1345	1385	PF15789.5	Hyr1	5	41	41	23.5	3e-05	1	0
XP_028889033.1	1392	1429	1389	1429	PF15789.5	Hyr1	4	41	41	25.1	9e-06	1	0
XP_028889033.1	1483	1517	1478	1517	PF15789.5	Hyr1	6	41	41	25.9	5.1e-06	1	0
XP_028889033.1	1526	1561	1521	1561	PF15789.5	Hyr1	5	41	41	24.5	1.4e-05	1	0
XP_028889033.1	1574	1605	1565	1605	PF15789.5	Hyr1	9	41	41	21.6	0.00011	1	0
XP_028889033.1	1613	1649	1609	1649	PF15789.5	Hyr1	5	41	41	21.4	0.00014	1	0
XP_028889033.1	1655	1693	1653	1693	PF15789.5	Hyr1	3	41	41	27.1	2.2e-06	1	0
XP_028889033.1	1702	1737	1697	1737	PF15789.5	Hyr1	5	41	41	22.5	5.9e-05	1	0
XP_028889033.1	1746	1781	1741	1781	PF15789.5	Hyr1	5	41	41	34.5	1e-08	1	0
XP_028889033.1	1790	1825	1785	1825	PF15789.5	Hyr1	5	41	41	25.4	7.4e-06	1	0
XP_028889033.1	1834	1869	1829	1869	PF15789.5	Hyr1	5	41	41	29.1	5.3e-07	1	0
XP_028889033.1	1878	1913	1873	1913	PF15789.5	Hyr1	5	41	41	23.1	3.8e-05	1	0
XP_028889033.1	1921	1973	1917	1973	PF15789.5	Hyr1	5	41	41	21.3	0.00014	1	0
XP_028889033.1	1980	2017	1977	2017	PF15789.5	Hyr1	4	41	41	21.8	9.8e-05	1	0
XP_028889033.1	2202	2240	2197	2240	PF15789.5	Hyr1	5	41	41	21.8	9.8e-05	1	0
XP_028889033.1	2340	2378	2335	2378	PF15789.5	Hyr1	5	41	41	22.5	5.9e-05	1	0
XP_028889033.1	2387	2422	2382	2422	PF15789.5	Hyr1	5	41	41	24.7	1.2e-05	1	0
XP_028889033.1	2449	2469	2428	2469	PF15789.5	Hyr1	21	41	41	22.3	6.9e-05	1	0
XP_028889033.1	2707	2745	2704	2745	PF15789.5	Hyr1	3	41	41	24.3	1.7e-05	1	0
XP_028888611.1	14	325	12	327	PF11765.8	Hyphal_reg_CWP	3	326	328	250.2	2.4e-74	1	0
XP_028888611.1	499	521	491	521	PF15789.5	Hyr1	19	41	41	24.7	1.3e-05	1	0
XP_028888611.1	527	565	525	565	PF15789.5	Hyr1	3	41	41	31.8	7.3e-08	1	0
XP_028888611.1	575	609	568	609	PF15789.5	Hyr1	6	41	41	35.0	7.5e-09	1	0
XP_028888611.1	618	653	613	653	PF15789.5	Hyr1	5	41	41	32.7	3.9e-08	1	0
XP_028888611.1	662	697	657	697	PF15789.5	Hyr1	5	41	41	27.4	1.8e-06	1	0
XP_028888611.1	706	741	701	741	PF15789.5	Hyr1	5	41	41	29.2	4.9e-07	1	0
XP_028888611.1	750	785	745	785	PF15789.5	Hyr1	5	41	41	26.3	3.9e-06	1	0
XP_028888611.1	822	857	820	857	PF15789.5	Hyr1	5	41	41	20.4	0.00027	1	0
XP_028888611.1	924	961	921	961	PF15789.5	Hyr1	4	41	41	22.5	5.9e-05	1	0
XP_028888611.1	1325	1359	1315	1359	PF15789.5	Hyr1	12	41	41	24.0	2e-05	1	0
XP_028888611.1	1415	1452	1410	1452	PF15789.5	Hyr1	5	41	41	21.2	0.00015	1	0
XP_028887965.1	12	325	10	325	PF11765.8	Hyphal_reg_CWP	3	328	328	246.5	3.3e-73	1	0
XP_028889034.1	14	327	12	327	PF11765.8	Hyphal_reg_CWP	3	328	328	248.8	6.7e-74	1	0
XP_028892406.1	9	323	8	323	PF11765.8	Hyphal_reg_CWP	2	328	328	241.0	1.6e-71	1	0
XP_028892406.1	416	461	414	461	PF15789.5	Hyr1	3	41	41	25.4	7.7e-06	1	0
XP_028892406.1	471	512	465	512	PF15789.5	Hyr1	6	41	41	22.6	5.6e-05	1	0
XP_028892406.1	721	766	719	766	PF15789.5	Hyr1	3	41	41	20.6	0.00023	1	0
XP_028892406.1	825	868	821	868	PF15789.5	Hyr1	5	41	41	27.0	2.4e-06	1	0
XP_462630.1	13	334	11	334	PF11765.8	Hyphal_reg_CWP	3	328	328	291.4	7.2e-87	1	0
XP_018712269.1	1	313	1	320	PF11765.8	Hyphal_reg_CWP	8	322	328	256.1	4e-76	1	0
XP_018709942.1	15	330	12	337	PF11765.8	Hyphal_reg_CWP	4	321	328	256.2	3.6e-76	1	0
XP_002770057.1	12	335	11	335	PF11765.8	Hyphal_reg_CWP	2	328	328	276.5	2.4e-82	1	0
XP_028892087.1	12	334	10	334	PF11765.8	Hyphal_reg_CWP	3	328	328	234.6	1.4e-69	1	0
XP_028889361.1	16	326	14	327	PF11765.8	Hyphal_reg_CWP	3	327	328	200.9	2.5e-59	1	0
XP_018709340.1	13	326	12	330	PF11765.8	Hyphal_reg_CWP	2	324	328	251.3	1.1e-74	1	0
XP_018710225.1	13	323	9	326	PF11765.8	Hyphal_reg_CWP	4	322	328	208.9	9.2e-62	1	0
XP_018710224.1	2	223	1	226	PF11765.8	Hyphal_reg_CWP	107	325	328	189.5	7.1e-56	1	0
XP_018710762.1	13	332	11	332	PF11765.8	Hyphal_reg_CWP	3	328	328	207.7	2.1e-61	1	0
XP_018713570.1	13	334	10	334	PF11765.8	Hyphal_reg_CWP	4	328	328	176.6	5.9e-52	1	0
XP_018714228.1	5	324	3	324	PF11765.8	Hyphal_reg_CWP	3	328	328	182.6	8.7e-54	1	0
XP_018714595.1	12	324	9	331	PF11765.8	Hyphal_reg_CWP	4	322	328	153.1	8.8e-45	1	0
XP_018709273.1	13	332	11	332	PF11765.8	Hyphal_reg_CWP	3	328	328	204.1	2.7e-60	1	0
XP_018709275.1	5	318	3	324	PF11765.8	Hyphal_reg_CWP	3	323	328	161.2	3e-47	1	0
XP_006687291.1	17	214	12	225	PF11765.8	Hyphal_reg_CWP	6	201	328	195.1	1.5e-57	1	0
XP_001523310.1	12	193	11	197	PF11765.8	Hyphal_reg_CWP	2	184	328	222.6	6.1e-66	1	0
XP_001526001.1	12	193	11	196	PF11765.8	Hyphal_reg_CWP	2	184	328	222.2	7.9e-66	1	0
XP_006684153.1	11	207	9	207	PF11765.8	Hyphal_reg_CWP	3	196	328	200.8	2.6e-59	1	0
XP_018713134.1	14	335	12	335	PF11765.8	Hyphal_reg_CWP	3	328	328	186.6	5.7e-55	1	0
XP_018712964.1	13	328	10	335	PF11765.8	Hyphal_reg_CWP	4	322	328	165.5	1.4e-48	1	0
XP_018714655.1	22	334	15	334	PF11765.8	Hyphal_reg_CWP	9	328	328	186.3	6.6e-55	1	0
XP_018712348.1	1	192	1	199	PF11765.8	Hyphal_reg_CWP	13	199	328	110.9	6.1e-32	1	0
XP_018714824.1	19	346	17	346	PF11765.8	Hyphal_reg_CWP	3	328	328	183.4	5e-54	1	0
XP_018709277.1	15	334	12	337	PF11765.8	Hyphal_reg_CWP	4	324	328	180.9	2.9e-53	1	0
XP_018710226.1	13	323	10	330	PF11765.8	Hyphal_reg_CWP	4	322	328	161.8	1.9e-47	1	0
XP_018710946.1	13	328	12	331	PF11765.8	Hyphal_reg_CWP	2	324	328	177.4	3.4e-52	1	0
XP_018712283.1	12	332	11	335	PF11765.8	Hyphal_reg_CWP	2	328	328	172.5	1.1e-50	1	0
XP_018713972.1	25	339	11	341	PF11765.8	Hyphal_reg_CWP	9	327	328	176.2	8.3e-52	1	0
XP_018709279.1	1	176	1	176	PF11765.8	Hyphal_reg_CWP	16	196	328	84.4	6.8e-24	1	0
XP_018714230.1	13	197	11	197	PF11765.8	Hyphal_reg_CWP	3	184	328	117.1	7.8e-34	1	0
XP_003959171.1	17	333	15	334	PF11765.8	Hyphal_reg_CWP	3	327	328	211.2	1.8e-62	1	0
XP_018710763.1	6	255	1	256	PF11765.8	Hyphal_reg_CWP	78	323	328	132.6	1.5e-38	1	0
XP_015465113.1	11	398	9	404	PF11765.8	Hyphal_reg_CWP	2	324	328	268.8	5.2e-80	1	0
XP_002770240.1	12	398	8	404	PF11765.8	Hyphal_reg_CWP	3	324	328	299.8	2e-89	1	0
XP_002614829.1	11	331	10	331	PF11765.8	Hyphal_reg_CWP	2	328	328	246.2	4.1e-73	1	0
XP_003958180.1	8	222	2	224	PF11765.8	Hyphal_reg_CWP	109	326	328	151.7	2.3e-44	1	0
XP_018709274.1	4	256	1	257	PF11765.8	Hyphal_reg_CWP	76	324	328	130.9	4.8e-38	1	0
XP_003959752.1	12	299	11	314	PF11765.8	Hyphal_reg_CWP	2	292	328	141.2	3.7e-41	1	0
XP_018709944.1	12	326	10	327	PF11765.8	Hyphal_reg_CWP	3	327	328	99.5	1.7e-28	1	0
XP_002614115.1	15	333	11	333	PF11765.8	Hyphal_reg_CWP	5	328	328	243.7	2.4e-72	1	0
XP_018713950.1	45	311	36	316	PF11765.8	Hyphal_reg_CWP	52	321	328	129.3	1.5e-37	1	0
XP_018714578.1	15	209	12	215	PF11765.8	Hyphal_reg_CWP	4	196	328	109.0	2.3e-31	1	0
XP_722183.2	12	334	11	334	PF11765.8	Hyphal_reg_CWP	2	328	328	346.9	9.2e-104	1	0
XP_002420471.1	10	337	9	337	PF11765.8	Hyphal_reg_CWP	2	328	328	402.2	1.4e-120	1	0
XP_002420471.1	471	493	462	493	PF15789.5	Hyr1	19	41	41	32.3	5.1e-08	1	0
XP_002420471.1	494	534	494	534	PF15789.5	Hyr1	1	41	41	62.3	2.1e-17	1	0
XP_002420471.1	535	575	535	575	PF15789.5	Hyr1	1	41	41	62.3	2.1e-17	1	0
XP_002420471.1	576	616	576	616	PF15789.5	Hyr1	1	41	41	61.4	4.2e-17	1	0
XP_002420471.1	617	657	617	657	PF15789.5	Hyr1	1	41	41	64.5	4.4e-18	1	0
XP_714203.1	12	339	11	339	PF11765.8	Hyphal_reg_CWP	2	328	328	436.5	5e-131	1	0
XP_714203.1	697	727	684	727	PF15789.5	Hyr1	11	41	41	29.9	2.9e-07	1	0
XP_714203.1	728	768	728	768	PF15789.5	Hyr1	1	41	41	60.7	6.9e-17	1	0
XP_714203.1	769	809	769	809	PF15789.5	Hyr1	1	41	41	63.2	1.2e-17	1	0
XP_714203.1	810	850	810	850	PF15789.5	Hyr1	1	41	41	61.5	3.9e-17	1	0
XP_002547764.1	12	337	10	337	PF11765.8	Hyphal_reg_CWP	3	328	328	430.7	2.8e-129	1	0
XP_002547764.1	370	407	366	407	PF15789.5	Hyr1	5	41	41	29.1	5.2e-07	1	0
XP_002547764.1	408	449	408	449	PF15789.5	Hyr1	1	41	41	62.3	2.1e-17	1	0
XP_002547764.1	450	491	450	491	PF15789.5	Hyr1	1	41	41	62.3	2.3e-17	1	0
XP_002547764.1	492	533	492	533	PF15789.5	Hyr1	1	41	41	62.3	2.1e-17	1	0
XP_002547764.1	534	575	534	575	PF15789.5	Hyr1	1	41	41	62.3	2.1e-17	1	0
XP_002547764.1	576	617	576	617	PF15789.5	Hyr1	1	41	41	56.8	1.1e-15	1	0
XP_002547764.1	618	659	618	659	PF15789.5	Hyr1	1	41	41	60.5	8.3e-17	1	0
XP_002547764.1	660	701	660	701	PF15789.5	Hyr1	1	41	41	62.1	2.5e-17	1	0
XP_002547764.1	702	743	702	743	PF15789.5	Hyr1	1	41	41	62.3	2.1e-17	1	0
XP_002547764.1	744	785	744	785	PF15789.5	Hyr1	1	41	41	57.8	5.7e-16	1	0
XP_002547764.1	786	826	786	826	PF15789.5	Hyr1	1	41	41	31.3	1.1e-07	1	0
XP_002547764.1	827	907	827	907	PF15789.5	Hyr1	1	41	41	22.0	8.4e-05	1	0
XP_002547764.1	908	948	908	948	PF15789.5	Hyr1	1	41	41	45.6	3.5e-12	1	0
XP_002550900.1	13	342	12	342	PF11765.8	Hyphal_reg_CWP	2	328	328	441.9	1.2e-132	1	0
XP_002549927.1	29	359	28	359	PF11765.8	Hyphal_reg_CWP	2	328	328	433.3	4.7e-130	1	0
XP_002549927.1	394	456	389	456	PF15789.5	Hyr1	6	41	41	21.7	0.0001	1	0
XP_002549927.1	457	505	457	505	PF15789.5	Hyr1	1	41	41	60.9	5.9e-17	1	0
XP_002549927.1	506	554	506	554	PF15789.5	Hyr1	1	41	41	60.9	5.9e-17	1	0
XP_002549927.1	555	600	555	600	PF15789.5	Hyr1	1	41	41	63.1	1.2e-17	1	0
XP_002549927.1	601	649	601	649	PF15789.5	Hyr1	1	41	41	60.9	5.9e-17	1	0
XP_002549927.1	650	698	650	698	PF15789.5	Hyr1	1	41	41	60.9	5.9e-17	1	0
XP_002549927.1	699	747	699	747	PF15789.5	Hyr1	1	41	41	60.9	5.9e-17	1	0
XP_002549927.1	748	768	748	772	PF15789.5	Hyr1	1	21	41	25.9	5.1e-06	1	0
XP_002546360.1	13	342	12	342	PF11765.8	Hyphal_reg_CWP	2	328	328	437.4	2.7e-131	1	0
XP_002546360.1	522	544	514	544	PF15789.5	Hyr1	19	41	41	35.3	5.9e-09	1	0
XP_002546360.1	545	593	545	593	PF15789.5	Hyr1	1	41	41	65.2	2.8e-18	1	0
XP_002546360.1	594	642	594	642	PF15789.5	Hyr1	1	41	41	65.2	2.8e-18	1	0
XP_002546360.1	643	691	643	691	PF15789.5	Hyr1	1	41	41	65.2	2.8e-18	1	0
XP_002546360.1	692	743	692	743	PF15789.5	Hyr1	1	41	41	65.0	3.2e-18	1	0
XP_002546360.1	744	795	744	795	PF15789.5	Hyr1	1	41	41	65.0	3.2e-18	1	0
XP_002546360.1	796	847	796	847	PF15789.5	Hyr1	1	41	41	65.0	3.2e-18	1	0
XP_002546360.1	848	899	848	899	PF15789.5	Hyr1	1	41	41	65.0	3.2e-18	1	0
XP_002546360.1	900	951	900	951	PF15789.5	Hyr1	1	41	41	65.0	3.2e-18	1	0
XP_002546360.1	952	1003	952	1003	PF15789.5	Hyr1	1	41	41	65.0	3.2e-18	1	0
XP_002546360.1	1004	1055	1004	1055	PF15789.5	Hyr1	1	41	41	65.0	3.2e-18	1	0
XP_002546360.1	1056	1107	1056	1107	PF15789.5	Hyr1	1	41	41	65.0	3.2e-18	1	0
XP_002546360.1	1108	1159	1108	1159	PF15789.5	Hyr1	1	41	41	65.0	3.2e-18	1	0
XP_002546360.1	1160	1211	1160	1211	PF15789.5	Hyr1	1	41	41	65.0	3.2e-18	1	0
XP_002546360.1	1212	1263	1212	1263	PF15789.5	Hyr1	1	41	41	65.0	3.2e-18	1	0
XP_002546360.1	1264	1315	1264	1315	PF15789.5	Hyr1	1	41	41	65.0	3.2e-18	1	0
XP_002546360.1	1316	1367	1316	1367	PF15789.5	Hyr1	1	41	41	65.0	3.2e-18	1	0
XP_002546360.1	1368	1420	1368	1420	PF15789.5	Hyr1	1	41	41	53.7	1.1e-14	1	0
XP_002546360.1	1421	1472	1421	1472	PF15789.5	Hyr1	1	41	41	65.0	3.2e-18	1	0
XP_002546360.1	1473	1524	1473	1524	PF15789.5	Hyr1	1	41	41	65.0	3.2e-18	1	0
XP_002546360.1	1525	1576	1525	1576	PF15789.5	Hyr1	1	41	41	65.0	3.2e-18	1	0
XP_002546360.1	1577	1597	1577	1601	PF15789.5	Hyr1	1	21	41	21.5	0.00013	1	0
XP_717330.2	12	339	11	339	PF11765.8	Hyphal_reg_CWP	2	328	328	427.2	3.4e-128	1	0
XP_717330.2	578	602	561	602	PF15789.5	Hyr1	17	41	41	36.7	2.2e-09	1	0
XP_717330.2	603	653	603	653	PF15789.5	Hyr1	1	41	41	49.0	3.2e-13	1	0
XP_717330.2	654	693	654	696	PF15789.5	Hyr1	1	36	41	21.1	0.00016	1	0
XP_002545452.1	13	340	11	340	PF11765.8	Hyphal_reg_CWP	3	328	328	412.6	9.8e-124	1	0
XP_002545452.1	643	662	634	662	PF15789.5	Hyr1	22	41	41	21.1	0.00016	1	0
XP_002545452.1	663	703	663	703	PF15789.5	Hyr1	1	41	41	52.0	3.6e-14	1	0
XP_002545452.1	704	744	704	744	PF15789.5	Hyr1	1	41	41	47.5	9.1e-13	1	0
XP_002545452.1	745	785	745	785	PF15789.5	Hyr1	1	41	41	61.5	4e-17	1	0
XP_002545452.1	786	826	786	826	PF15789.5	Hyr1	1	41	41	64.8	3.7e-18	1	0
XP_002545452.1	827	867	827	867	PF15789.5	Hyr1	1	41	41	63.1	1.3e-17	1	0
XP_002545452.1	994	1017	979	1020	PF15789.5	Hyr1	16	38	41	20.8	0.00021	1	0
XP_002545452.1	1162	1185	1158	1185	PF15789.5	Hyr1	18	41	41	31.9	7.1e-08	1	0
XP_002545452.1	1186	1226	1186	1226	PF15789.5	Hyr1	1	41	41	64.0	6.6e-18	1	0
XP_002545452.1	1227	1270	1227	1273	PF15789.5	Hyr1	1	38	41	34.8	8.8e-09	1	0
XP_002547620.1	12	345	11	345	PF11765.8	Hyphal_reg_CWP	2	328	328	426.0	7.9e-128	1	0
XP_002421951.1	12	339	11	339	PF11765.8	Hyphal_reg_CWP	2	328	328	431.2	2.1e-129	1	0
XP_002421951.1	576	600	557	600	PF15789.5	Hyr1	17	41	41	28.0	1.1e-06	1	0
XP_002421951.1	601	651	601	651	PF15789.5	Hyr1	1	41	41	33.6	2e-08	1	0
XP_002421924.1	12	339	11	339	PF11765.8	Hyphal_reg_CWP	2	328	328	428.7	1.2e-128	1	0
XP_002421924.1	576	600	557	600	PF15789.5	Hyr1	17	41	41	28.0	1.1e-06	1	0
XP_002421924.1	601	651	601	651	PF15789.5	Hyr1	1	41	41	37.8	9.9e-10	1	0
XP_715137.2	12	339	11	339	PF11765.8	Hyphal_reg_CWP	2	328	328	424.5	2.3e-127	1	0
XP_715137.2	578	602	561	602	PF15789.5	Hyr1	17	41	41	36.7	2.2e-09	1	0
XP_715137.2	603	653	603	653	PF15789.5	Hyr1	1	41	41	49.0	3.2e-13	1	0
XP_715137.2	654	693	654	696	PF15789.5	Hyr1	1	36	41	21.1	0.00016	1	0
XP_002547617.1	12	341	11	341	PF11765.8	Hyphal_reg_CWP	2	328	328	432.2	1e-129	1	0
XP_002421505.1	12	339	11	339	PF11765.8	Hyphal_reg_CWP	2	328	328	425.5	1.1e-127	1	0
XP_002421505.1	760	797	746	797	PF15789.5	Hyr1	7	41	41	26.8	2.7e-06	1	0
XP_002421505.1	798	846	798	846	PF15789.5	Hyr1	1	41	41	55.3	3.5e-15	1	0
XP_002421505.1	847	892	847	892	PF15789.5	Hyr1	1	41	41	55.9	2.2e-15	1	0
XP_002421505.1	893	941	893	941	PF15789.5	Hyr1	1	41	41	56.1	1.9e-15	1	0
XP_002421505.1	942	987	942	987	PF15789.5	Hyr1	1	41	41	55.9	2.2e-15	1	0
XP_002421505.1	988	1033	988	1033	PF15789.5	Hyr1	1	41	41	50.0	1.5e-13	1	0
XP_002421505.1	1034	1079	1034	1079	PF15789.5	Hyr1	1	41	41	55.9	2.2e-15	1	0
XP_002421505.1	1080	1125	1080	1125	PF15789.5	Hyr1	1	41	41	56.0	2e-15	1	0
XP_002421505.1	1126	1174	1126	1174	PF15789.5	Hyr1	1	41	41	56.1	1.9e-15	1	0
XP_002421505.1	1175	1220	1175	1220	PF15789.5	Hyr1	1	41	41	55.9	2.2e-15	1	0
XP_002421505.1	1221	1269	1221	1269	PF15789.5	Hyr1	1	41	41	56.1	1.9e-15	1	0
XP_002421505.1	1270	1318	1270	1318	PF15789.5	Hyr1	1	41	41	56.2	1.8e-15	1	0
XP_002421505.1	1319	1364	1319	1364	PF15789.5	Hyr1	1	41	41	56.0	2e-15	1	0
XP_002421505.1	1365	1410	1365	1410	PF15789.5	Hyr1	1	41	41	50.0	1.5e-13	1	0
XP_002421505.1	1411	1456	1411	1456	PF15789.5	Hyr1	1	41	41	55.9	2.2e-15	1	0
XP_002421505.1	1457	1502	1457	1502	PF15789.5	Hyr1	1	41	41	50.0	1.5e-13	1	0
XP_002421505.1	1503	1548	1503	1548	PF15789.5	Hyr1	1	41	41	55.9	2.2e-15	1	0
XP_002421505.1	1549	1621	1549	1621	PF15789.5	Hyr1	1	41	41	32.4	4.8e-08	1	0
XP_002421505.1	1622	1667	1622	1667	PF15789.5	Hyr1	1	41	41	39.4	3.1e-10	1	0
XP_002421505.1	1668	1712	1668	1712	PF15789.5	Hyr1	1	41	41	43.7	1.5e-11	1	0
XP_002421505.1	1713	1755	1713	1758	PF15789.5	Hyr1	1	38	41	39.4	3.3e-10	1	0
XP_002421668.1	12	339	11	339	PF11765.8	Hyphal_reg_CWP	2	328	328	420.4	4e-126	1	0
XP_002547615.1	12	341	11	341	PF11765.8	Hyphal_reg_CWP	2	328	328	431.4	1.8e-129	1	0
XP_002547615.1	703	726	698	726	PF15789.5	Hyr1	18	41	41	33.3	2.6e-08	1	0
XP_002547615.1	727	744	727	749	PF15789.5	Hyr1	1	18	41	24.6	1.3e-05	1	0
XP_711686.2	12	339	11	339	PF11765.8	Hyphal_reg_CWP	2	328	328	430.2	4.2e-129	1	0
XP_711686.2	730	755	707	755	PF15789.5	Hyr1	16	41	41	30.8	1.6e-07	1	0
XP_711686.2	756	801	756	801	PF15789.5	Hyr1	1	41	41	55.4	3.2e-15	1	0
XP_711686.2	802	847	802	847	PF15789.5	Hyr1	1	41	41	55.4	3.2e-15	1	0
XP_711686.2	848	893	848	893	PF15789.5	Hyr1	1	41	41	55.4	3.2e-15	1	0
XP_711686.2	894	942	894	942	PF15789.5	Hyr1	1	41	41	57.4	7.2e-16	1	0
XP_711686.2	943	1015	943	1015	PF15789.5	Hyr1	1	41	41	36.1	3.4e-09	1	0
XP_711686.2	1016	1056	1016	1056	PF15789.5	Hyr1	1	41	41	58.2	4.2e-16	1	0
XP_711686.2	1057	1129	1057	1129	PF15789.5	Hyr1	1	41	41	39.3	3.3e-10	1	0
XP_711686.2	1130	1175	1130	1175	PF15789.5	Hyr1	1	41	41	47.8	7.6e-13	1	0
XP_711686.2	1176	1221	1176	1221	PF15789.5	Hyr1	1	41	41	36.3	2.9e-09	1	0
XP_718630.1	12	339	11	339	PF11765.8	Hyphal_reg_CWP	2	328	328	418.8	1.3e-125	1	0
XP_714201.2	11	343	10	343	PF11765.8	Hyphal_reg_CWP	2	328	328	395.5	1.5e-118	1	0
XP_002420246.1	12	339	11	339	PF11765.8	Hyphal_reg_CWP	2	328	328	417.8	2.6e-125	1	0
XP_002420246.1	726	750	707	750	PF15789.5	Hyr1	17	41	41	29.1	5.4e-07	1	0
XP_002420246.1	751	796	751	796	PF15789.5	Hyr1	1	41	41	35.9	3.8e-09	1	0
XP_002420246.1	797	842	797	842	PF15789.5	Hyr1	1	41	41	45.0	5.7e-12	1	0
XP_002420246.1	843	888	843	888	PF15789.5	Hyr1	1	41	41	49.2	2.7e-13	1	0
XP_002420246.1	889	939	889	939	PF15789.5	Hyr1	1	41	41	28.9	6e-07	1	0
XP_715535.1	12	339	11	339	PF11765.8	Hyphal_reg_CWP	2	328	328	414.6	2.3e-124	1	0
XP_715535.1	738	762	735	762	PF15789.5	Hyr1	17	41	41	29.5	4e-07	1	0
XP_715535.1	763	808	763	808	PF15789.5	Hyr1	1	41	41	44.0	1.2e-11	1	0
XP_715535.1	809	854	809	854	PF15789.5	Hyr1	1	41	41	44.8	6.3e-12	1	0
XP_715535.1	855	900	855	900	PF15789.5	Hyr1	1	41	41	48.4	4.8e-13	1	0
XP_715535.1	901	951	901	951	PF15789.5	Hyr1	1	41	41	40.6	1.4e-10	1	0
XP_715535.1	952	996	952	997	PF15789.5	Hyr1	1	40	41	28.0	1.2e-06	1	0
XP_003868553.1	12	342	11	342	PF11765.8	Hyphal_reg_CWP	2	328	328	423.6	4.1e-127	1	0
XP_003868553.1	414	459	414	459	PF15789.5	Hyr1	1	41	41	61.3	4.4e-17	1	0
XP_003868553.1	460	505	460	505	PF15789.5	Hyr1	1	41	41	64.3	5.1e-18	1	0
XP_003868553.1	506	522	506	537	PF15789.5	Hyr1	1	17	41	23.0	4.3e-05	1	0
XP_002420375.1	11	346	9	346	PF11765.8	Hyphal_reg_CWP	3	328	328	391.2	3.2e-117	1	0
XP_003868554.1	12	342	11	342	PF11765.8	Hyphal_reg_CWP	2	328	328	423.6	4.3e-127	1	0
XP_717969.1	13	329	11	339	PF11765.8	Hyphal_reg_CWP	3	319	328	388.3	2.3e-116	1	0
XP_717969.1	657	702	657	702	PF15789.5	Hyr1	1	41	41	40.1	1.9e-10	1	0
XP_717969.1	703	751	703	751	PF15789.5	Hyr1	1	41	41	46.2	2.4e-12	1	0
XP_002421681.1	12	329	11	339	PF11765.8	Hyphal_reg_CWP	2	319	328	381.6	2.5e-114	1	0
XP_002421681.1	668	713	668	713	PF15789.5	Hyr1	1	41	41	46.2	2.4e-12	1	0
XP_002421681.1	716	762	714	762	PF15789.5	Hyr1	3	41	41	43.6	1.5e-11	1	0
XP_002545510.1	10	220	5	220	PF11765.8	Hyphal_reg_CWP	122	328	328	289.4	2.8e-86	1	0
XP_036665264.1	11	341	10	341	PF11765.8	Hyphal_reg_CWP	2	328	328	424.8	1.8e-127	1	0
XP_036665264.1	413	453	413	453	PF15789.5	Hyr1	1	41	41	56.1	1.9e-15	1	0
XP_036665264.1	454	494	454	494	PF15789.5	Hyr1	1	41	41	68.7	2.3e-19	1	0
XP_036665264.1	495	535	495	535	PF15789.5	Hyr1	1	41	41	68.7	2.3e-19	1	0
XP_036665264.1	536	576	536	576	PF15789.5	Hyr1	1	41	41	68.7	2.3e-19	1	0
XP_036665264.1	577	617	577	617	PF15789.5	Hyr1	1	41	41	68.7	2.3e-19	1	0
XP_036665264.1	618	663	618	663	PF15789.5	Hyr1	1	41	41	63.8	7.3e-18	1	0
XP_036665264.1	664	704	664	704	PF15789.5	Hyr1	1	41	41	68.7	2.3e-19	1	0
XP_036665264.1	705	745	705	745	PF15789.5	Hyr1	1	41	41	68.7	2.3e-19	1	0
XP_036665264.1	746	786	746	786	PF15789.5	Hyr1	1	41	41	68.7	2.3e-19	1	0
XP_036665264.1	787	827	787	827	PF15789.5	Hyr1	1	41	41	68.7	2.3e-19	1	0
XP_036665264.1	828	868	828	868	PF15789.5	Hyr1	1	41	41	68.7	2.3e-19	1	0
XP_036665264.1	869	909	869	909	PF15789.5	Hyr1	1	41	41	68.7	2.3e-19	1	0
XP_036665264.1	910	950	910	950	PF15789.5	Hyr1	1	41	41	68.7	2.3e-19	1	0
XP_036665264.1	951	996	951	996	PF15789.5	Hyr1	1	41	41	63.8	7.4e-18	1	0
XP_036665264.1	997	1037	997	1037	PF15789.5	Hyr1	1	41	41	68.7	2.3e-19	1	0
XP_036665264.1	1038	1083	1038	1083	PF15789.5	Hyr1	1	41	41	63.8	7.3e-18	1	0
XP_036665264.1	1084	1129	1084	1129	PF15789.5	Hyr1	1	41	41	63.8	7.4e-18	1	0
XP_036665264.1	1130	1175	1130	1175	PF15789.5	Hyr1	1	41	41	63.8	7.4e-18	1	0
XP_036665264.1	1176	1216	1176	1216	PF15789.5	Hyr1	1	41	41	68.7	2.3e-19	1	0
XP_036665264.1	1217	1262	1217	1262	PF15789.5	Hyr1	1	41	41	64.7	3.8e-18	1	0
XP_036665264.1	1263	1308	1263	1308	PF15789.5	Hyr1	1	41	41	63.8	7.4e-18	1	0
XP_036665264.1	1309	1354	1309	1354	PF15789.5	Hyr1	1	41	41	64.7	3.8e-18	1	0
XP_036665264.1	1355	1400	1355	1400	PF15789.5	Hyr1	1	41	41	63.8	7.4e-18	1	0
XP_036665264.1	1401	1446	1401	1446	PF15789.5	Hyr1	1	41	41	64.7	3.8e-18	1	0
XP_036665264.1	1447	1490	1447	1491	PF15789.5	Hyr1	1	39	41	56.9	1e-15	1	0
XP_020061729.1	3	329	1	329	PF11765.8	Hyphal_reg_CWP	5	328	328	368.3	2.8e-110	1	0
XP_020063353.1	10	339	9	339	PF11765.8	Hyphal_reg_CWP	2	328	328	374.9	2.8e-112	1	0
XP_002547616.1	1	218	1	218	PF11765.8	Hyphal_reg_CWP	114	328	328	290.8	1.1e-86	1	0
XP_002547616.1	631	654	627	654	PF15789.5	Hyr1	18	41	41	32.1	6.1e-08	1	0
XP_002547616.1	655	697	655	697	PF15789.5	Hyr1	1	41	41	65.9	1.7e-18	1	0
XP_002547616.1	698	740	698	740	PF15789.5	Hyr1	1	41	41	64.1	6e-18	1	0
XP_002547616.1	741	783	741	783	PF15789.5	Hyr1	1	41	41	64.5	4.4e-18	1	0
XP_002547616.1	784	826	784	826	PF15789.5	Hyr1	1	41	41	64.8	3.7e-18	1	0
XP_002547616.1	827	867	827	867	PF15789.5	Hyr1	1	41	41	64.1	6e-18	1	0
XP_002547616.1	868	908	868	908	PF15789.5	Hyr1	1	41	41	64.1	6e-18	1	0
XP_002547616.1	909	951	909	951	PF15789.5	Hyr1	1	41	41	64.0	6.6e-18	1	0
XP_002547616.1	952	992	952	992	PF15789.5	Hyr1	1	41	41	63.3	1.1e-17	1	0
XP_002547616.1	993	1033	993	1033	PF15789.5	Hyr1	1	41	41	64.1	6e-18	1	0
XP_002547616.1	1034	1076	1034	1076	PF15789.5	Hyr1	1	41	41	62.6	1.8e-17	1	0
XP_002547616.1	1077	1119	1077	1119	PF15789.5	Hyr1	1	41	41	65.9	1.7e-18	1	0
XP_002547616.1	1120	1160	1120	1160	PF15789.5	Hyr1	1	41	41	64.1	6e-18	1	0
XP_002547616.1	1161	1201	1161	1201	PF15789.5	Hyr1	1	41	41	63.3	1.1e-17	1	0
XP_002547616.1	1202	1244	1202	1244	PF15789.5	Hyr1	1	41	41	64.5	4.6e-18	1	0
XP_002547616.1	1245	1285	1245	1285	PF15789.5	Hyr1	1	41	41	63.3	1.1e-17	1	0
XP_714246.2	11	341	10	341	PF11765.8	Hyphal_reg_CWP	2	328	328	397.0	5.2e-119	1	0
XP_020062061.1	12	339	10	339	PF11765.8	Hyphal_reg_CWP	3	328	328	390.2	6e-117	1	0
XP_002418802.1	11	341	10	341	PF11765.8	Hyphal_reg_CWP	2	328	328	400.7	3.8e-120	1	0
XP_020062062.1	12	341	9	341	PF11765.8	Hyphal_reg_CWP	3	328	328	372.0	2.2e-111	1	0
XP_001485543.1	53	374	51	374	PF11765.8	Hyphal_reg_CWP	3	328	328	369.2	1.6e-110	1	0
XP_001523105.1	11	329	10	329	PF11765.8	Hyphal_reg_CWP	2	328	328	332.8	1.8e-99	1	0
XP_036664320.1	12	345	11	345	PF11765.8	Hyphal_reg_CWP	2	328	328	342.9	1.5e-102	1	0
XP_036665262.1	12	342	11	342	PF11765.8	Hyphal_reg_CWP	2	328	328	349.4	1.6e-104	1	0
XP_036665262.1	370	412	370	412	PF15789.5	Hyr1	1	41	41	50.2	1.4e-13	1	0
XP_036665262.1	414	453	413	453	PF15789.5	Hyr1	2	41	41	55.8	2.4e-15	1	0
XP_036665262.1	454	493	454	493	PF15789.5	Hyr1	1	41	41	57.6	6.5e-16	1	0
XP_036665262.1	494	534	494	534	PF15789.5	Hyr1	1	41	41	57.3	7.9e-16	1	0
XP_036665262.1	535	575	535	575	PF15789.5	Hyr1	1	41	41	60.7	7e-17	1	0
XP_036665262.1	576	616	576	616	PF15789.5	Hyr1	1	41	41	57.2	8.8e-16	1	0
XP_036665262.1	617	657	617	657	PF15789.5	Hyr1	1	41	41	57.2	8.8e-16	1	0
XP_036665262.1	658	698	658	698	PF15789.5	Hyr1	1	41	41	60.7	7e-17	1	0
XP_036665262.1	699	739	699	739	PF15789.5	Hyr1	1	41	41	60.7	7e-17	1	0
XP_036665262.1	740	780	740	780	PF15789.5	Hyr1	1	41	41	60.7	7e-17	1	0
XP_036665262.1	781	821	781	821	PF15789.5	Hyr1	1	41	41	57.6	6.3e-16	1	0
XP_036665262.1	822	862	822	862	PF15789.5	Hyr1	1	41	41	60.7	7e-17	1	0
XP_036665262.1	863	903	863	903	PF15789.5	Hyr1	1	41	41	61.2	4.7e-17	1	0
XP_036665262.1	904	944	904	944	PF15789.5	Hyr1	1	41	41	54.1	7.9e-15	1	0
XP_036665262.1	945	985	945	985	PF15789.5	Hyr1	1	41	41	61.2	4.7e-17	1	0
XP_036665262.1	986	1026	986	1026	PF15789.5	Hyr1	1	41	41	54.1	7.9e-15	1	0
XP_036665262.1	1027	1067	1027	1067	PF15789.5	Hyr1	1	41	41	53.6	1.2e-14	1	0
XP_036665262.1	1068	1108	1068	1108	PF15789.5	Hyr1	1	41	41	61.2	4.7e-17	1	0
XP_036665262.1	1109	1149	1109	1149	PF15789.5	Hyr1	1	41	41	54.1	7.9e-15	1	0
XP_036665262.1	1150	1190	1150	1190	PF15789.5	Hyr1	1	41	41	53.6	1.2e-14	1	0
XP_036665262.1	1191	1231	1191	1231	PF15789.5	Hyr1	1	41	41	61.4	4.2e-17	1	0
XP_036665262.1	1232	1272	1232	1272	PF15789.5	Hyr1	1	41	41	60.7	7e-17	1	0
XP_036665262.1	1273	1313	1273	1313	PF15789.5	Hyr1	1	41	41	54.1	7.9e-15	1	0
XP_036665262.1	1314	1354	1314	1354	PF15789.5	Hyr1	1	41	41	53.6	1.2e-14	1	0
XP_036665262.1	1355	1395	1355	1395	PF15789.5	Hyr1	1	41	41	57.6	6.3e-16	1	0
XP_001487825.1	10	332	9	332	PF11765.8	Hyphal_reg_CWP	2	328	328	363.6	7.9e-109	1	0
XP_001487825.1	1591	1630	1591	1630	PF13928.6	Flocculin_t3	1	44	44	39.0	8.6e-10	1	0
XP_036667771.1	12	345	11	345	PF11765.8	Hyphal_reg_CWP	2	328	328	344.8	4e-103	1	0
XP_036664319.1	12	345	11	345	PF11765.8	Hyphal_reg_CWP	2	328	328	343.2	1.2e-102	1	0
XP_001485548.1	13	333	11	333	PF11765.8	Hyphal_reg_CWP	3	328	328	378.3	2.5e-113	1	0
XP_001485548.1	996	1035	996	1035	PF13928.6	Flocculin_t3	1	44	44	43.1	4.5e-11	1	0
XP_001482143.1	12	333	11	333	PF11765.8	Hyphal_reg_CWP	2	328	328	374.6	3.4e-112	1	0
XP_001482143.1	943	982	943	982	PF13928.6	Flocculin_t3	1	44	44	43.1	4.5e-11	1	0
XP_002547904.1	9	333	8	333	PF11765.8	Hyphal_reg_CWP	2	328	328	337.9	5.1e-101	1	0
XP_036664321.1	12	345	11	345	PF11765.8	Hyphal_reg_CWP	2	328	328	357.7	4.7e-107	1	0
XP_036668412.1	10	343	9	343	PF11765.8	Hyphal_reg_CWP	2	328	328	347.5	5.9e-104	1	0
XP_036664318.1	12	346	11	346	PF11765.8	Hyphal_reg_CWP	2	328	328	340.2	9.9e-102	1	0
XP_006683698.1	12	331	9	331	PF11765.8	Hyphal_reg_CWP	4	328	328	323.1	1.6e-96	1	0
XP_002550128.1	11	333	10	339	PF11765.8	Hyphal_reg_CWP	2	323	328	292.2	4e-87	1	0
XP_025344416.1	12	323	10	325	PF11765.8	Hyphal_reg_CWP	3	326	328	244.7	1.2e-72	1	0
XP_025344416.1	1637	1672	1633	1672	PF15789.5	Hyr1	5	41	41	21.6	0.00012	1	0
XP_025344416.1	2048	2082	2042	2082	PF15789.5	Hyr1	6	41	41	23.4	3.2e-05	1	0
XP_025344416.1	2090	2133	2087	2133	PF15789.5	Hyr1	4	41	41	22.4	6.2e-05	1	0
XP_025344416.1	2139	2176	2137	2176	PF15789.5	Hyr1	3	41	41	20.7	0.00023	1	0
XP_025344416.1	2236	2276	2230	2276	PF15789.5	Hyr1	6	41	41	23.5	3e-05	1	0
XP_025334498.1	15	325	12	327	PF11765.8	Hyphal_reg_CWP	4	326	328	255.9	4.6e-76	1	0
XP_025334498.1	515	554	513	554	PF15789.5	Hyr1	3	41	41	28.0	1.1e-06	1	0
XP_025334498.1	560	597	558	597	PF15789.5	Hyr1	3	41	41	27.1	2.2e-06	1	0
XP_025334498.1	694	728	688	728	PF15789.5	Hyr1	6	41	41	27.3	1.9e-06	1	0
XP_025334498.1	1397	1432	1391	1432	PF15789.5	Hyr1	5	41	41	21.0	0.00018	1	0
XP_025334498.1	1793	1828	1788	1828	PF15789.5	Hyr1	5	41	41	29.7	3.3e-07	1	0
XP_025334498.1	2119	2154	2113	2154	PF15789.5	Hyr1	5	41	41	27.0	2.3e-06	1	0
XP_025334498.1	2166	2204	2159	2204	PF15789.5	Hyr1	8	41	41	24.8	1.2e-05	1	0
XP_025334498.1	2261	2297	2256	2297	PF15789.5	Hyr1	5	41	41	28.3	9.5e-07	1	0
XP_025334498.1	2306	2342	2301	2342	PF15789.5	Hyr1	5	41	41	26.2	4.1e-06	1	0
XP_025334498.1	2436	2475	2434	2475	PF15789.5	Hyr1	3	41	41	24.0	2e-05	1	0
XP_025334498.1	2482	2520	2479	2520	PF15789.5	Hyr1	4	41	41	28.3	9.2e-07	1	0
XP_025334498.1	2528	2565	2524	2565	PF15789.5	Hyr1	5	41	41	24.2	1.7e-05	1	0
XP_025334498.1	2573	2610	2569	2610	PF15789.5	Hyr1	5	41	41	34.1	1.4e-08	1	0
XP_025334498.1	2617	2655	2614	2655	PF15789.5	Hyr1	4	41	41	21.9	9.5e-05	1	0
XP_025344407.1	60	446	59	447	PF00026.23	Asp	2	314	315	206.1	8.2e-61	1	1
XP_025344407.1	916	1229	914	1231	PF11765.8	Hyphal_reg_CWP	3	326	328	244.7	1.1e-72	1	0
XP_025344407.1	1337	1361	1333	1361	PF15789.5	Hyr1	17	41	41	23.3	3.4e-05	1	0
XP_025344407.1	1370	1405	1365	1405	PF15789.5	Hyr1	5	41	41	23.7	2.5e-05	1	0
XP_025344407.1	1414	1450	1409	1450	PF15789.5	Hyr1	6	41	41	23.4	3e-05	1	0
XP_025344407.1	1501	1540	1499	1540	PF15789.5	Hyr1	3	41	41	24.6	1.3e-05	1	0
XP_025344407.1	1546	1585	1544	1585	PF15789.5	Hyr1	3	41	41	30.0	2.8e-07	1	0
XP_025344407.1	1591	1628	1589	1628	PF15789.5	Hyr1	3	41	41	30.5	1.9e-07	1	0
XP_025344407.1	1635	1673	1632	1673	PF15789.5	Hyr1	4	41	41	30.1	2.5e-07	1	0
XP_025344407.1	1679	1718	1677	1718	PF15789.5	Hyr1	3	41	41	25.9	5.2e-06	1	0
XP_025344407.1	1724	1763	1722	1763	PF15789.5	Hyr1	3	41	41	26.3	3.9e-06	1	0
XP_025344407.1	1769	1808	1767	1808	PF15789.5	Hyr1	3	41	41	26.6	3e-06	1	0
XP_025344407.1	1818	1853	1812	1853	PF15789.5	Hyr1	6	41	41	29.7	3.3e-07	1	0
XP_025344407.1	1861	1898	1857	1898	PF15789.5	Hyr1	5	41	41	28.9	6e-07	1	0
XP_025344407.1	1908	1943	1902	1943	PF15789.5	Hyr1	6	41	41	30.0	2.7e-07	1	0
XP_025344407.1	1953	1986	1947	1986	PF15789.5	Hyr1	6	41	41	26.1	4.4e-06	1	0
XP_025344407.1	1993	2031	1990	2031	PF15789.5	Hyr1	4	41	41	27.3	1.9e-06	1	0
XP_025344407.1	2037	2076	2035	2076	PF15789.5	Hyr1	3	41	41	26.0	4.9e-06	1	0
XP_025344407.1	2086	2121	2080	2121	PF15789.5	Hyr1	6	41	41	30.0	2.7e-07	1	0
XP_025344407.1	2127	2166	2125	2166	PF15789.5	Hyr1	3	41	41	22.7	5.2e-05	1	0
XP_025344407.1	2172	2211	2170	2211	PF15789.5	Hyr1	3	41	41	24.6	1.3e-05	1	0
XP_025344407.1	2217	2256	2215	2256	PF15789.5	Hyr1	3	41	41	30.0	2.8e-07	1	0
XP_025344407.1	2262	2301	2260	2301	PF15789.5	Hyr1	3	41	41	28.2	9.8e-07	1	0
XP_025344407.1	2307	2344	2305	2344	PF15789.5	Hyr1	3	41	41	23.5	3e-05	1	0
XP_025344407.1	2350	2389	2348	2389	PF15789.5	Hyr1	3	41	41	28.0	1.1e-06	1	0
XP_025344407.1	2395	2434	2393	2434	PF15789.5	Hyr1	3	41	41	28.6	7.3e-07	1	0
XP_025344407.1	2442	2477	2438	2477	PF15789.5	Hyr1	5	41	41	23.5	2.8e-05	1	0
XP_025344407.1	2483	2522	2481	2522	PF15789.5	Hyr1	3	41	41	30.0	2.8e-07	1	0
XP_025344407.1	2528	2567	2526	2567	PF15789.5	Hyr1	3	41	41	26.5	3.3e-06	1	0
XP_025344407.1	2573	2612	2571	2612	PF15789.5	Hyr1	3	41	41	24.4	1.6e-05	1	0
XP_025344407.1	2618	2657	2616	2657	PF15789.5	Hyr1	3	41	41	24.6	1.3e-05	1	0
XP_025344407.1	2663	2702	2661	2702	PF15789.5	Hyr1	3	41	41	30.0	2.8e-07	1	0
XP_025344407.1	2708	2745	2706	2745	PF15789.5	Hyr1	3	41	41	30.5	1.9e-07	1	0
XP_025344407.1	2752	2790	2749	2790	PF15789.5	Hyr1	4	41	41	30.1	2.5e-07	1	0
XP_025344407.1	2796	2835	2794	2835	PF15789.5	Hyr1	3	41	41	25.9	5.2e-06	1	0
XP_025344407.1	2841	2880	2839	2880	PF15789.5	Hyr1	3	41	41	22.3	6.7e-05	1	0
XP_025344407.1	2886	2925	2884	2925	PF15789.5	Hyr1	3	41	41	23.1	3.8e-05	1	0
XP_025344407.1	2931	2970	2929	2970	PF15789.5	Hyr1	3	41	41	28.0	1.1e-06	1	0
XP_025344407.1	2976	3015	2974	3015	PF15789.5	Hyr1	3	41	41	26.7	3e-06	1	0
XP_025344407.1	3021	3060	3019	3060	PF15789.5	Hyr1	3	41	41	21.6	0.00012	1	0
XP_025344407.1	3066	3103	3064	3103	PF15789.5	Hyr1	3	41	41	28.4	8.7e-07	1	0
XP_025344407.1	3109	3148	3107	3148	PF15789.5	Hyr1	3	41	41	28.3	9.6e-07	1	0
XP_025344407.1	3154	3193	3152	3193	PF15789.5	Hyr1	3	41	41	29.6	3.8e-07	1	0
XP_025344407.1	3199	3236	3197	3236	PF15789.5	Hyr1	3	41	41	24.3	1.6e-05	1	0
XP_025344407.1	3243	3281	3240	3281	PF15789.5	Hyr1	4	41	41	26.9	2.6e-06	1	0
XP_025344407.1	3287	3326	3285	3326	PF15789.5	Hyr1	3	41	41	27.9	1.2e-06	1	0
XP_025344407.1	3332	3371	3330	3371	PF15789.5	Hyr1	3	41	41	32.8	3.7e-08	1	0
XP_025344407.1	3377	3416	3375	3416	PF15789.5	Hyr1	3	41	41	30.0	2.8e-07	1	0
XP_025344407.1	3422	3459	3420	3459	PF15789.5	Hyr1	3	41	41	25.8	5.7e-06	1	0
XP_025344407.1	3469	3502	3463	3502	PF15789.5	Hyr1	6	41	41	22.1	7.9e-05	1	0
XP_025344407.1	3508	3545	3506	3545	PF15789.5	Hyr1	3	41	41	32.5	4.6e-08	1	0
XP_025344407.1	3551	3590	3549	3590	PF15789.5	Hyr1	3	41	41	28.0	1.1e-06	1	0
XP_025344407.1	3596	3635	3594	3635	PF15789.5	Hyr1	3	41	41	30.3	2.2e-07	1	0
XP_025344407.1	3784	3823	3782	3823	PF15789.5	Hyr1	3	41	41	26.7	2.8e-06	1	0
XP_025344407.1	3829	3868	3827	3868	PF15789.5	Hyr1	3	41	41	30.0	2.8e-07	1	0
XP_025344407.1	3874	3913	3872	3913	PF15789.5	Hyr1	3	41	41	29.2	5e-07	1	0
XP_025344407.1	3919	3958	3917	3958	PF15789.5	Hyr1	3	41	41	28.8	6.5e-07	1	0
XP_025344407.1	3964	4001	3962	4001	PF15789.5	Hyr1	3	41	41	20.2	0.00032	1	0
XP_024713121.1	15	325	12	327	PF11765.8	Hyphal_reg_CWP	4	326	328	245.3	7.6e-73	1	0
XP_024713121.1	499	538	497	538	PF15789.5	Hyr1	3	41	41	32.0	6.6e-08	1	0
XP_024713121.1	548	581	542	581	PF15789.5	Hyr1	6	41	41	29.0	5.7e-07	1	0
XP_024713121.1	767	801	761	801	PF15789.5	Hyr1	6	41	41	27.2	2.1e-06	1	0
XP_024713121.1	1360	1394	1354	1394	PF15789.5	Hyr1	6	41	41	20.6	0.00024	1	0
XP_024713121.1	1448	1482	1442	1482	PF15789.5	Hyr1	6	41	41	23.7	2.6e-05	1	0
XP_024713121.1	1807	1842	1801	1842	PF15789.5	Hyr1	5	41	41	21.0	0.00018	1	0
XP_024713121.1	1872	1892	1850	1892	PF15789.5	Hyr1	21	41	41	21.6	0.00011	1	0
XP_024713121.1	1899	1937	1896	1937	PF15789.5	Hyr1	4	41	41	27.9	1.2e-06	1	0
XP_024713121.1	1946	1982	1941	1982	PF15789.5	Hyr1	5	41	41	34.5	1.1e-08	1	0
XP_024713121.1	1991	2025	1986	2025	PF15789.5	Hyr1	5	41	41	21.7	0.00011	1	0
XP_024713121.1	2032	2070	2029	2070	PF15789.5	Hyr1	4	41	41	21.6	0.00011	1	0
XP_024713121.1	2080	2115	2074	2115	PF15789.5	Hyr1	6	41	41	30.5	1.9e-07	1	0
XP_024713121.1	2123	2160	2119	2160	PF15789.5	Hyr1	5	41	41	26.8	2.7e-06	1	0
XP_024713121.1	2167	2205	2164	2205	PF15789.5	Hyr1	4	41	41	27.9	1.2e-06	1	0
XP_024713121.1	2211	2250	2209	2250	PF15789.5	Hyr1	3	41	41	28.9	6e-07	1	0
XP_024713121.1	2258	2295	2254	2295	PF15789.5	Hyr1	5	41	41	21.7	0.0001	1	0
XP_024713121.1	2302	2340	2299	2340	PF15789.5	Hyr1	4	41	41	27.9	1.2e-06	1	0
XP_024713121.1	2348	2385	2344	2385	PF15789.5	Hyr1	5	41	41	21.7	0.0001	1	0
XP_024713121.1	2391	2428	2389	2428	PF15789.5	Hyr1	3	41	41	23.1	3.9e-05	1	0
XP_024713121.1	2481	2518	2477	2518	PF15789.5	Hyr1	5	41	41	30.5	1.9e-07	1	0
XP_024713121.1	2528	2562	2521	2562	PF15789.5	Hyr1	6	41	41	25.0	1e-05	1	0
XP_024713121.1	2572	2607	2566	2607	PF15789.5	Hyr1	6	41	41	26.1	4.6e-06	1	0
XP_024713121.1	2615	2654	2611	2654	PF15789.5	Hyr1	5	41	41	25.6	6.5e-06	1	0
XP_024713121.1	2665	2699	2658	2699	PF15789.5	Hyr1	7	41	41	26.1	4.4e-06	1	0
XP_024713121.1	2707	2744	2703	2744	PF15789.5	Hyr1	5	41	41	27.4	1.7e-06	1	0
XP_024713121.1	2752	2789	2748	2789	PF15789.5	Hyr1	5	41	41	25.9	5.2e-06	1	0
XP_024713121.1	2797	2834	2792	2834	PF15789.5	Hyr1	5	41	41	26.8	2.6e-06	1	0
XP_024713121.1	2843	2877	2838	2877	PF15789.5	Hyr1	5	41	41	22.3	6.9e-05	1	0
XP_025335682.1	13	324	11	326	PF11765.8	Hyphal_reg_CWP	3	326	328	257.8	1.2e-76	1	0
XP_025335682.1	476	496	469	496	PF15789.5	Hyr1	21	41	41	20.7	0.00022	1	0
XP_025335682.1	506	540	500	540	PF15789.5	Hyr1	6	41	41	23.4	3.2e-05	1	0
XP_025335682.1	603	637	597	637	PF15789.5	Hyr1	6	41	41	24.2	1.7e-05	1	0
XP_025335682.1	691	734	685	734	PF15789.5	Hyr1	6	41	41	21.0	0.00018	1	0
XP_025335682.1	744	778	737	778	PF15789.5	Hyr1	6	41	41	24.6	1.3e-05	1	0
XP_025335682.1	788	822	782	822	PF15789.5	Hyr1	6	41	41	21.9	9.4e-05	1	0
XP_025335682.1	885	919	879	919	PF15789.5	Hyr1	6	41	41	22.2	7.6e-05	1	0
XP_025335682.1	929	972	923	972	PF15789.5	Hyr1	6	41	41	20.8	0.00021	1	0
XP_025335682.1	980	1016	976	1016	PF15789.5	Hyr1	4	41	41	27.8	1.3e-06	1	0
XP_025335682.1	1026	1069	1020	1069	PF15789.5	Hyr1	6	41	41	20.6	0.00024	1	0
XP_025335682.1	1078	1113	1072	1113	PF15789.5	Hyr1	5	41	41	21.0	0.00017	1	0
XP_025335682.1	1124	1161	1120	1161	PF15789.5	Hyr1	7	41	41	23.8	2.4e-05	1	0
XP_025335682.1	1171	1205	1164	1205	PF15789.5	Hyr1	6	41	41	20.6	0.00024	1	0
XP_025335682.1	1263	1301	1257	1301	PF15789.5	Hyr1	6	41	41	28.0	1.2e-06	1	0
XP_025335682.1	1311	1349	1305	1349	PF15789.5	Hyr1	6	41	41	24.2	1.7e-05	1	0
XP_025335682.1	1358	1394	1353	1394	PF15789.5	Hyr1	5	41	41	24.5	1.5e-05	1	0
XP_025335682.1	1404	1439	1397	1439	PF15789.5	Hyr1	6	41	41	26.6	3.2e-06	1	0
XP_025335682.1	1449	1484	1442	1484	PF15789.5	Hyr1	6	41	41	27.3	2e-06	1	0
XP_025335682.1	1494	1527	1489	1527	PF15789.5	Hyr1	6	41	41	29.4	4.2e-07	1	0
XP_025344601.1	28	338	25	340	PF11765.8	Hyphal_reg_CWP	4	326	328	240.0	3.1e-71	1	0
XP_024713119.1	14	327	12	327	PF11765.8	Hyphal_reg_CWP	3	328	328	237.2	2.2e-70	1	0
XP_025341971.1	15	327	12	327	PF11765.8	Hyphal_reg_CWP	4	328	328	228.6	9.1e-68	1	0
XP_025337653.1	15	327	12	327	PF11765.8	Hyphal_reg_CWP	4	328	328	235.1	9.6e-70	1	0
XP_025342839.1	12	326	11	326	PF11765.8	Hyphal_reg_CWP	2	328	328	243.4	2.9e-72	1	0
XP_025342839.1	382	408	379	408	PF15789.5	Hyr1	16	41	41	26.6	3.2e-06	1	0
XP_025342839.1	414	457	412	457	PF15789.5	Hyr1	3	41	41	20.4	0.00026	1	0
XP_025342839.1	561	604	559	604	PF15789.5	Hyr1	3	41	41	21.0	0.00017	1	0
XP_025342839.1	610	654	608	654	PF15789.5	Hyr1	3	41	41	20.8	0.00021	1	0
XP_025342839.1	660	703	658	703	PF15789.5	Hyr1	3	41	41	20.0	0.00035	1	0
XP_025342839.1	709	751	707	751	PF15789.5	Hyr1	3	41	41	21.2	0.00016	1	0
XP_025342839.1	760	798	755	798	PF15789.5	Hyr1	5	41	41	24.5	1.4e-05	1	0
XP_025334500.1	14	327	12	327	PF11765.8	Hyphal_reg_CWP	3	328	328	240.5	2.2e-71	1	0
XP_025343300.1	2	310	1	310	PF11765.8	Hyphal_reg_CWP	8	328	328	235.5	7.2e-70	1	0
XP_025343300.1	380	405	366	405	PF15789.5	Hyr1	16	41	41	24.4	1.5e-05	1	0
XP_025343300.1	457	493	451	493	PF15789.5	Hyr1	5	41	41	21.3	0.00015	1	0
XP_025343300.1	762	797	757	797	PF15789.5	Hyr1	5	41	41	23.5	2.9e-05	1	0
XP_025343300.1	1021	1060	1020	1060	PF15789.5	Hyr1	2	41	41	24.2	1.8e-05	1	0
XP_025343300.1	1621	1656	1616	1656	PF15789.5	Hyr1	5	41	41	22.6	5.7e-05	1	0
XP_024712323.1	15	327	12	327	PF11765.8	Hyphal_reg_CWP	4	328	328	216.4	4.8e-64	1	0
XP_024711259.1	14	327	12	327	PF11765.8	Hyphal_reg_CWP	3	328	328	234.9	1.1e-69	1	0
XP_025335995.1	14	327	12	327	PF11765.8	Hyphal_reg_CWP	3	328	328	227.8	1.5e-67	1	0
XP_024711351.1	12	325	10	325	PF11765.8	Hyphal_reg_CWP	3	328	328	239.3	5.1e-71	1	0
XP_024711351.1	388	428	386	428	PF15789.5	Hyr1	3	41	41	27.3	1.9e-06	1	0
XP_024711351.1	978	1019	976	1019	PF15789.5	Hyr1	3	41	41	22.7	5.4e-05	1	0
XP_024711351.1	1025	1061	1023	1061	PF15789.5	Hyr1	3	41	41	21.6	0.00011	1	0
XP_024711351.1	1067	1104	1065	1104	PF15789.5	Hyr1	3	41	41	21.9	9.1e-05	1	0
XP_024711351.1	1155	1206	1153	1206	PF15789.5	Hyr1	3	41	41	21.0	0.00018	1	0
XP_024711351.1	1215	1252	1210	1252	PF15789.5	Hyr1	5	41	41	21.8	9.8e-05	1	0
XP_025338053.1	12	325	10	325	PF11765.8	Hyphal_reg_CWP	3	328	328	236.8	2.9e-70	1	0
XP_025338053.1	649	691	647	691	PF15789.5	Hyr1	3	41	41	20.3	0.00029	1	0
XP_025338053.1	1285	1323	1281	1323	PF15789.5	Hyr1	5	41	41	21.2	0.00015	1	0
XP_025338053.1	1329	1366	1327	1366	PF15789.5	Hyr1	3	41	41	24.9	1e-05	1	0
XP_025337648.1	14	327	12	327	PF11765.8	Hyphal_reg_CWP	3	328	328	228.0	1.4e-67	1	0
XP_024712318.1	15	324	12	326	PF11765.8	Hyphal_reg_CWP	4	325	328	216.2	5.4e-64	1	0
XP_024712318.1	1305	1609	1303	1611	PF11765.8	Hyphal_reg_CWP	3	325	328	191.1	2.3e-56	1	0
XP_024712318.1	1822	1857	1820	1857	PF15789.5	Hyr1	5	41	41	22.6	5.7e-05	1	0
XP_024712318.1	1943	1978	1935	1978	PF15789.5	Hyr1	5	41	41	22.1	8e-05	1	0
XP_024712318.1	1991	2022	1986	2022	PF15789.5	Hyr1	9	41	41	23.6	2.8e-05	1	0
XP_024712318.1	2109	2144	2103	2144	PF15789.5	Hyr1	5	41	41	24.1	2e-05	1	0
XP_024712318.1	2154	2188	2151	2188	PF15789.5	Hyr1	6	41	41	24.0	2e-05	1	0
XP_024712318.1	2197	2232	2191	2232	PF15789.5	Hyr1	5	41	41	21.8	9.6e-05	1	0
XP_024712318.1	2241	2276	2236	2276	PF15789.5	Hyr1	5	41	41	20.5	0.00026	1	0
XP_024712318.1	2284	2320	2279	2320	PF15789.5	Hyr1	4	41	41	25.5	7e-06	1	0
XP_024712318.1	2329	2364	2323	2364	PF15789.5	Hyr1	5	41	41	20.3	0.0003	1	0
XP_024712318.1	2460	2495	2454	2495	PF15789.5	Hyr1	5	41	41	25.7	6e-06	1	0
XP_024712318.1	2552	2583	2543	2583	PF15789.5	Hyr1	9	41	41	27.0	2.3e-06	1	0
XP_024712318.1	2886	2920	2880	2920	PF15789.5	Hyr1	5	41	41	24.8	1.2e-05	1	0
XP_024712318.1	2928	2963	2923	2963	PF15789.5	Hyr1	5	41	41	21.7	0.0001	1	0
XP_025343289.1	13	327	12	327	PF11765.8	Hyphal_reg_CWP	2	328	328	241.8	9.1e-72	1	0
XP_025343289.1	339	359	323	359	PF15789.5	Hyr1	21	41	41	22.2	7.5e-05	1	0
XP_025343289.1	425	473	422	473	PF15789.5	Hyr1	4	41	41	21.8	9.7e-05	1	0
XP_025343289.1	531	571	527	571	PF15789.5	Hyr1	5	41	41	22.4	6.6e-05	1	0
XP_025343289.1	581	620	577	620	PF15789.5	Hyr1	6	41	41	21.1	0.00016	1	0
XP_025343289.1	716	752	711	752	PF15789.5	Hyr1	6	41	41	22.1	8.1e-05	1	0
XP_025343289.1	761	798	757	798	PF15789.5	Hyr1	5	41	41	24.9	1.1e-05	1	0
XP_024716365.1	6	269	2	269	PF11765.8	Hyphal_reg_CWP	54	328	328	181.8	1.6e-53	1	0
XP_024716363.1	13	326	11	326	PF11765.8	Hyphal_reg_CWP	3	328	328	235.1	9.6e-70	1	0
XP_024716363.1	359	400	355	400	PF15789.5	Hyr1	5	41	41	25.4	7.3e-06	1	0
XP_024716363.1	411	449	405	449	PF15789.5	Hyr1	7	41	41	25.3	8.3e-06	1	0
XP_024716363.1	836	875	832	875	PF15789.5	Hyr1	5	41	41	22.4	6.5e-05	1	0
XP_024711350.1	12	323	11	323	PF11765.8	Hyphal_reg_CWP	2	328	328	217.1	2.9e-64	1	0
XP_025341988.1	14	329	12	329	PF11765.8	Hyphal_reg_CWP	3	328	328	231.7	1e-68	1	0
XP_025341634.1	15	329	14	330	PF11765.8	Hyphal_reg_CWP	2	326	328	215.4	9.4e-64	1	0
XP_025336698.1	14	334	12	334	PF11765.8	Hyphal_reg_CWP	3	328	328	206.4	5.2e-61	1	0
XP_025344020.1	12	332	10	332	PF11765.8	Hyphal_reg_CWP	3	328	328	230.1	3.2e-68	1	0
XP_025335681.1	14	331	12	333	PF11765.8	Hyphal_reg_CWP	3	327	328	210.3	3.4e-62	1	0
XP_025335681.1	941	974	935	974	PF15789.5	Hyr1	6	41	41	20.1	0.00034	1	0
XP_025335681.1	1029	1061	1019	1061	PF15789.5	Hyr1	11	41	41	21.5	0.00012	1	0
XP_024711300.1	14	335	12	335	PF11765.8	Hyphal_reg_CWP	3	328	328	202.0	1.2e-59	1	0
XP_025344415.1	13	346	12	346	PF11765.8	Hyphal_reg_CWP	2	328	328	187.6	2.6e-55	1	0
XP_024713725.1	15	322	14	327	PF11765.8	Hyphal_reg_CWP	2	323	328	184.9	1.8e-54	1	0
XP_025339494.1	15	324	14	327	PF11765.8	Hyphal_reg_CWP	2	325	328	186.3	6.9e-55	1	0
XP_025336343.1	12	356	8	356	PF11765.8	Hyphal_reg_CWP	3	328	328	201.5	1.6e-59	1	0
XP_024713752.1	11	361	10	361	PF11765.8	Hyphal_reg_CWP	2	328	328	198.8	1e-58	1	0
XP_025344412.1	4	308	1	310	PF11765.8	Hyphal_reg_CWP	7	325	328	196.4	5.8e-58	1	0
