name	id	species_id	strain	seq	start	end	length	median	q90	ivt	interval
PIS49865.1_B8441_Cauris	PIS49865.1	Cauris	B8441	CLVAAFYLSAVWALTIT	9	25	17	98.615	99.9196	0.29411764705882354	NA
PIS49865.1_B8441_Cauris	PIS49865.1	Cauris	B8441	GVYYSIV	46	52	7	67.951	68.0156	0.42857142857142855	20
PIS49865.1_B8441_Cauris	PIS49865.1	Cauris	B8441	FYVTS	69	73	5	6.923	7.065	0.4	16
PIS49865.1_B8441_Cauris	PIS49865.1	Cauris	B8441	LAASVSIV	77	84	8	12.561	13.696399999999999	0.375	3
PIS49865.1_B8441_Cauris	PIS49865.1	Cauris	B8441	TYTVVGF	240	246	7	18.331	21.96	0.5714285714285714	155
PIS49865.1_B8441_Cauris	PIS49865.1	Cauris	B8441	TLTLSFFLGVF	267	277	11	94.774	98.675	0.2727272727272727	20
PIS49865.1_B8441_Cauris	PIS49865.1	Cauris	B8441	GVVIVTT	521	527	7	81.99	84.202	0.8571428571428571	243
PIS49865.1_B8441_Cauris	PIS49865.1	Cauris	B8441	GVIIVTT	565	571	7	82.54	84.768	0.8571428571428571	37
PIS49865.1_B8441_Cauris	PIS49865.1	Cauris	B8441	GVVIVTT	609	615	7	83.275	85.524	0.8571428571428571	37
PIS49865.1_B8441_Cauris	PIS49865.1	Cauris	B8441	GVIIVTT	653	659	7	82.67	84.902	0.8571428571428571	37
PIS49865.1_B8441_Cauris	PIS49865.1	Cauris	B8441	GVIIVTT	697	703	7	81.369	83.562	0.8571428571428571	37
PIS49865.1_B8441_Cauris	PIS49865.1	Cauris	B8441	GVIIVTT	741	747	7	81.335	83.529	0.8571428571428571	37
PIS49865.1_B8441_Cauris	PIS49865.1	Cauris	B8441	GVIIVTT	785	791	7	82.673	84.904	0.8571428571428571	37
PIS49865.1_B8441_Cauris	PIS49865.1	Cauris	B8441	GVIIVTT	829	835	7	82.696	84.929	0.8571428571428571	37
PIS49865.1_B8441_Cauris	PIS49865.1	Cauris	B8441	GVIIVTT	873	879	7	81.366	83.56	0.8571428571428571	37
PIS49865.1_B8441_Cauris	PIS49865.1	Cauris	B8441	GVVIVTT	933	939	7	83.311	85.56	0.8571428571428571	53
PIS49865.1_B8441_Cauris	PIS49865.1	Cauris	B8441	GVVIVTT	977	983	7	82.166	84.378	0.8571428571428571	37
PIS49865.1_B8441_Cauris	PIS49865.1	Cauris	B8441	GVVIVTT	1021	1027	7	82.166	84.378	0.8571428571428571	37
PIS49865.1_B8441_Cauris	PIS49865.1	Cauris	B8441	GVVIVTT	1065	1071	7	82.166	84.378	0.8571428571428571	37
PIS49865.1_B8441_Cauris	PIS49865.1	Cauris	B8441	GVVIVTT	1109	1115	7	82.166	84.378	0.8571428571428571	37
PIS49865.1_B8441_Cauris	PIS49865.1	Cauris	B8441	GVVIVTT	1153	1159	7	82.166	84.378	0.8571428571428571	37
PIS49865.1_B8441_Cauris	PIS49865.1	Cauris	B8441	GVVIVTT	1197	1203	7	82.166	84.378	0.8571428571428571	37
PIS49865.1_B8441_Cauris	PIS49865.1	Cauris	B8441	GVVIVTT	1241	1247	7	82.166	84.378	0.8571428571428571	37
PIS49865.1_B8441_Cauris	PIS49865.1	Cauris	B8441	GVVIVTT	1285	1291	7	82.166	84.378	0.8571428571428571	37
PIS49865.1_B8441_Cauris	PIS49865.1	Cauris	B8441	GVVIVTT	1329	1335	7	82.052	84.264	0.8571428571428571	37
PIS49865.1_B8441_Cauris	PIS49865.1	Cauris	B8441	GVIIVTT	1375	1381	7	81.491	83.684	0.8571428571428571	39
PIS49865.1_B8441_Cauris	PIS49865.1	Cauris	B8441	GVVIVTT	1422	1428	7	83.306	85.555	0.8571428571428571	40
PIS49865.1_B8441_Cauris	PIS49865.1	Cauris	B8441	GVVIVTT	1468	1474	7	83.301	85.55	0.8571428571428571	39
PIS49865.1_B8441_Cauris	PIS49865.1	Cauris	B8441	TVVVC	1509	1513	5	23.515	23.515	0.8	34
PIS49865.1_B8441_Cauris	PIS49865.1	Cauris	B8441	VVTSYTTV	1559	1566	8	13.3385	13.735100000000001	0.75	45
PIS49865.1_B8441_Cauris	PIS49865.1	Cauris	B8441	GIVTSYVSF	1596	1604	9	49.585	50.5832	0.4444444444444444	29
PIS49865.1_B8441_Cauris	PIS49865.1	Cauris	B8441	QVIVI	1630	1634	5	19.202	19.202	0.8	25
PIS49865.1_B8441_Cauris	PIS49865.1	Cauris	B8441	LAAMFAI	1713	1719	7	35.997	38.447	0.14285714285714285	78
PIS50296.1_B8441_Cauris	PIS50296.1	Cauris	B8441	GWLLLAFYLSATWALTIT	8	25	18	98.1045	99.9511	0.2222222222222222	NA
PIS50296.1_B8441_Cauris	PIS50296.1	Cauris	B8441	GVYYSIV	46	52	7	67.971	68.0356	0.42857142857142855	20
PIS50296.1_B8441_Cauris	PIS50296.1	Cauris	B8441	LAASVSIV	77	84	8	12.2665	13.407399999999999	0.375	24
PIS50296.1_B8441_Cauris	PIS50296.1	Cauris	B8441	MLSVL	225	229	5	8.352	8.604	0.2	140
PIS50296.1_B8441_Cauris	PIS50296.1	Cauris	B8441	YNVVGF	241	246	6	5.836	6.122	0.3333333333333333	11
PIS50296.1_B8441_Cauris	PIS50296.1	Cauris	B8441	TLTLSFFLGLF	267	277	11	93.743	97.62	0.18181818181818182	20
PIS50296.1_B8441_Cauris	PIS50296.1	Cauris	B8441	GVVIVTT	531	537	7	82.061	84.274	0.8571428571428571	253
PIS50296.1_B8441_Cauris	PIS50296.1	Cauris	B8441	GVVVVTT	575	581	7	90.791	93.408	0.8571428571428571	37
PIS50296.1_B8441_Cauris	PIS50296.1	Cauris	B8441	GVVIVTT	619	625	7	90.385	93.03720000000001	0.8571428571428571	37
PIS50296.1_B8441_Cauris	PIS50296.1	Cauris	B8441	GIVVVTT	663	669	7	82.082	84.409	0.8571428571428571	37
PIS50296.1_B8441_Cauris	PIS50296.1	Cauris	B8441	FTTYISTWT	686	694	9	20.846	25.0604	0.5555555555555556	16
PIS50296.1_B8441_Cauris	PIS50296.1	Cauris	B8441	GVVIVTT	707	713	7	82.046	84.259	0.8571428571428571	12
PIS50296.1_B8441_Cauris	PIS50296.1	Cauris	B8441	GVVVVTT	751	757	7	91.554	93.9748	0.8571428571428571	37
PIS50296.1_B8441_Cauris	PIS50296.1	Cauris	B8441	FTTYTSTWI	774	782	9	7.837	8.2968	0.5555555555555556	16
PIS50296.1_B8441_Cauris	PIS50296.1	Cauris	B8441	GVVVVTT	795	801	7	82.721	84.952	0.8571428571428571	12
PIS50296.1_B8441_Cauris	PIS50296.1	Cauris	B8441	GVVVVTT	839	845	7	90.305	92.908	0.8571428571428571	37
PIS50296.1_B8441_Cauris	PIS50296.1	Cauris	B8441	GVVIVTT	883	889	7	90.384	93.0362	0.8571428571428571	37
PIS50296.1_B8441_Cauris	PIS50296.1	Cauris	B8441	GVVVVTT	927	933	7	82.87	85.104	0.8571428571428571	37
PIS50296.1_B8441_Cauris	PIS50296.1	Cauris	B8441	GVIIVTT	971	977	7	90.144	92.742	0.8571428571428571	37
PIS50296.1_B8441_Cauris	PIS50296.1	Cauris	B8441	GVVIVTT	1015	1021	7	90.483	93.16720000000001	0.8571428571428571	37
PIS50296.1_B8441_Cauris	PIS50296.1	Cauris	B8441	FTTYTSTWIT	1038	1047	10	12.1805	12.633	0.6	16
PIS50296.1_B8441_Cauris	PIS50296.1	Cauris	B8441	GIIVVTT	1059	1065	7	90.039	92.82560000000001	0.8571428571428571	11
PIS50296.1_B8441_Cauris	PIS50296.1	Cauris	B8441	GVVIVTT	1103	1109	7	90.388	93.0412	0.8571428571428571	37
PIS50296.1_B8441_Cauris	PIS50296.1	Cauris	B8441	GVVVVTT	1147	1153	7	82.885	85.12	0.8571428571428571	37
PIS50296.1_B8441_Cauris	PIS50296.1	Cauris	B8441	GVVVVTT	1191	1197	7	90.804	93.4982	0.8571428571428571	37
PIS50296.1_B8441_Cauris	PIS50296.1	Cauris	B8441	GVVIVTT	1235	1241	7	89.964	92.556	0.8571428571428571	37
PIS50296.1_B8441_Cauris	PIS50296.1	Cauris	B8441	YTTFTTTWA	1258	1266	9	8.221	9.308	0.5555555555555556	16
PIS50296.1_B8441_Cauris	PIS50296.1	Cauris	B8441	GVVVVTT	1279	1285	7	83.925	86.19	0.8571428571428571	12
PIS50296.1_B8441_Cauris	PIS50296.1	Cauris	B8441	GVVIVTT	1323	1329	7	82.061	84.274	0.8571428571428571	37
PIS50296.1_B8441_Cauris	PIS50296.1	Cauris	B8441	GVVVVTT	1367	1373	7	82.885	85.12	0.8571428571428571	37
PIS50296.1_B8441_Cauris	PIS50296.1	Cauris	B8441	TTFTTTW	1391	1397	7	6.202	7.683	0.7142857142857143	17
PIS50296.1_B8441_Cauris	PIS50296.1	Cauris	B8441	GVVIV	1411	1415	5	18.483	18.483	0.8	13
PIS50296.1_B8441_Cauris	PIS50296.1	Cauris	B8441	GVIIVTT	1455	1461	7	90.051	92.69319999999999	0.8571428571428571	39
PIS50296.1_B8441_Cauris	PIS50296.1	Cauris	B8441	GVVIVTT	1499	1505	7	89.967	92.56	0.8571428571428571	15
PIS50296.1_B8441_Cauris	PIS50296.1	Cauris	B8441	GVVVVTT	1543	1549	7	90.703	93.36420000000001	0.8571428571428571	37
PIS50296.1_B8441_Cauris	PIS50296.1	Cauris	B8441	FTTYTSTWVT	1566	1575	10	12.403500000000001	12.876	0.6	16
PIS50296.1_B8441_Cauris	PIS50296.1	Cauris	B8441	GVIVVTT	1587	1593	7	82.066	84.279	0.8571428571428571	11
PIS50296.1_B8441_Cauris	PIS50296.1	Cauris	B8441	FTTYTSTWTI	1610	1619	10	6.545	7.023	0.6	16
PIS50296.1_B8441_Cauris	PIS50296.1	Cauris	B8441	GIVIVTT	1631	1637	7	82.557	84.904	0.8571428571428571	11
PIS50296.1_B8441_Cauris	PIS50296.1	Cauris	B8441	GVIIVTT	1675	1681	7	81.38	83.573	0.8571428571428571	37
PIS50296.1_B8441_Cauris	PIS50296.1	Cauris	B8441	GVVIVTT	1719	1725	7	82.026	84.238	0.8571428571428571	37
PIS50296.1_B8441_Cauris	PIS50296.1	Cauris	B8441	GVIIVTT	1763	1769	7	82.706	84.939	0.8571428571428571	37
PIS50296.1_B8441_Cauris	PIS50296.1	Cauris	B8441	GVIIVTT	1807	1813	7	81.376	83.571	0.8571428571428571	37
PIS50296.1_B8441_Cauris	PIS50296.1	Cauris	B8441	GVVIVTT	1867	1873	7	83.321	85.57	0.8571428571428571	53
PIS50296.1_B8441_Cauris	PIS50296.1	Cauris	B8441	GVVIVTT	1911	1917	7	82.176	84.389	0.8571428571428571	37
PIS50296.1_B8441_Cauris	PIS50296.1	Cauris	B8441	GVVIVTT	1955	1961	7	82.176	84.389	0.8571428571428571	37
PIS50296.1_B8441_Cauris	PIS50296.1	Cauris	B8441	GVVIVTT	1999	2005	7	82.176	84.389	0.8571428571428571	37
PIS50296.1_B8441_Cauris	PIS50296.1	Cauris	B8441	GVVIVTT	2043	2049	7	82.059	84.271	0.8571428571428571	37
PIS50296.1_B8441_Cauris	PIS50296.1	Cauris	B8441	YTTYTSIWT	2066	2074	9	13.055	13.2178	0.5555555555555556	16
PIS50296.1_B8441_Cauris	PIS50296.1	Cauris	B8441	GVVIVTT	2087	2093	7	82.059	84.271	0.8571428571428571	12
PIS50296.1_B8441_Cauris	PIS50296.1	Cauris	B8441	GVVVVTT	2134	2140	7	83.961	86.228	0.8571428571428571	40
PIS50296.1_B8441_Cauris	PIS50296.1	Cauris	B8441	GVIIVTT	2178	2184	7	82.761	84.998	0.8571428571428571	37
PIS50296.1_B8441_Cauris	PIS50296.1	Cauris	B8441	SGVVVVTT	2224	2231	8	77.4735	87.412	0.75	39
PIS50296.1_B8441_Cauris	PIS50296.1	Cauris	B8441	GVVIVTT	2272	2278	7	83.363	85.614	0.8571428571428571	40
PIS50296.1_B8441_Cauris	PIS50296.1	Cauris	B8441	GVIIVTT	2316	2322	7	81.501	83.695	0.8571428571428571	37
PIS50296.1_B8441_Cauris	PIS50296.1	Cauris	B8441	GVVVVTT	2363	2369	7	83.938	86.205	0.8571428571428571	40
PIS50296.1_B8441_Cauris	PIS50296.1	Cauris	B8441	LTTITSVI	2375	2382	8	11.471	12.555	0.75	5
PIS50296.1_B8441_Cauris	PIS50296.1	Cauris	B8441	GVVIVTT	2420	2426	7	81.684	83.886	0.8571428571428571	37
PIS50296.1_B8441_Cauris	PIS50296.1	Cauris	B8441	GLVIVTT	2467	2473	7	68.689	72.568	0.7142857142857143	40
PIS50296.1_B8441_Cauris	PIS50296.1	Cauris	B8441	GVVIVTT	2514	2520	7	82.877	85.113	0.8571428571428571	40
PIS50296.1_B8441_Cauris	PIS50296.1	Cauris	B8441	YITSW	2544	2548	5	6.443	7.328999999999999	0.4	23
PIS50296.1_B8441_Cauris	PIS50296.1	Cauris	B8441	AVIVTT	2563	2568	6	53.415499999999994	54.224	0.8333333333333334	14
PIS50296.1_B8441_Cauris	PIS50296.1	Cauris	B8441	LVTTTSVI	2574	2581	8	18.243000000000002	18.834	0.75	5
PIS50296.1_B8441_Cauris	PIS50296.1	Cauris	B8441	VIVTT	2597	2601	5	13.88	13.88	1	15
PIS50296.1_B8441_Cauris	PIS50296.1	Cauris	B8441	GVVVVTT	2639	2645	7	84.023	86.293	0.8571428571428571	37
PIS50296.1_B8441_Cauris	PIS50296.1	Cauris	B8441	TFISTY	2667	2672	6	7.673	9.27	0.5	21
PIS50296.1_B8441_Cauris	PIS50296.1	Cauris	B8441	AIVVTT	2687	2692	6	17.663	17.663	0.8333333333333334	14
PIS50296.1_B8441_Cauris	PIS50296.1	Cauris	B8441	VTSVI	2725	2729	5	5.219	5.219	0.8	32
PIS50296.1_B8441_Cauris	PIS50296.1	Cauris	B8441	TTVTAAVI	2801	2808	8	56.6395	56.974	0.75	71
PIS50296.1_B8441_Cauris	PIS50296.1	Cauris	B8441	LALFAM	2940	2945	6	27.019	27.12	0	131
PIS50297.1_B8441_Cauris	PIS50297.1	Cauris	B8441	VLLSVAYYLTTAWAVTIS	8	25	18	98.547	99.92060000000001	0.3888888888888889	NA
PIS50297.1_B8441_Cauris	PIS50297.1	Cauris	B8441	VYYSIV	47	52	6	28.178	28.178	0.5	21
PIS50297.1_B8441_Cauris	PIS50297.1	Cauris	B8441	AASVTAVSGTII	78	89	12	8.405	12.0113	0.5	5
PIS50297.1_B8441_Cauris	PIS50297.1	Cauris	B8441	MWIGTSVF	121	128	8	9.46	9.522	0.375	31
PIS50297.1_B8441_Cauris	PIS50297.1	Cauris	B8441	LTLSFFLGAFKIDFNI	268	283	16	37.905	72.632	0.1875	139
PIS50297.1_B8441_Cauris	PIS50297.1	Cauris	B8441	TVVVC	494	498	5	24.335	24.335	0.8	210
PIS50297.1_B8441_Cauris	PIS50297.1	Cauris	B8441	TILITT	521	526	6	39.557	39.557	0.8333333333333334	22
PIS50297.1_B8441_Cauris	PIS50297.1	Cauris	B8441	LALLMM	658	663	6	19.7395	19.791	0	131
PIS50623.1_B8441_Cauris	PIS50623.1	Cauris	B8441	LATSLALLTSA	11	21	11	14.568	22.75	0.18181818181818182	NA
PIS50623.1_B8441_Cauris	PIS50623.1	Cauris	B8441	GAFFTLLNI	48	56	9	83.246	86.0718	0.2222222222222222	26
PIS50623.1_B8441_Cauris	PIS50623.1	Cauris	B8441	SVLSILGL	224	231	8	27.6785	28.7208	0.25	167
PIS50623.1_B8441_Cauris	PIS50623.1	Cauris	B8441	TLSLSFLFGVFKIDF	267	281	15	79.849	96.2766	0.2	35
PIS50623.1_B8441_Cauris	PIS50623.1	Cauris	B8441	FAITY	302	306	5	7.271	7.271	0.4	20
PIS50623.1_B8441_Cauris	PIS50623.1	Cauris	B8441	VIVTV	499	503	5	75.607	75.607	1	192
PIS50623.1_B8441_Cauris	PIS50623.1	Cauris	B8441	VSGWVYTTTVGGTVTL	544	559	16	16.487000000000002	61.129000000000005	0.5625	40
PIS50623.1_B8441_Cauris	PIS50623.1	Cauris	B8441	QVINFSWLISLVAFAF	701	716	16	94.28649999999999	99.773	0.25	141
PIS52481.1_B8441_Cauris	PIS52481.1	Cauris	B8441	FSWLALAWYFATALGVTIT	6	24	19	87.849	99.6234	0.2631578947368421	NA
PIS52481.1_B8441_Cauris	PIS52481.1	Cauris	B8441	GVYYSIVN	45	52	8	66.674	68.8921	0.375	20
PIS52481.1_B8441_Cauris	PIS52481.1	Cauris	B8441	ALTTI	54	58	5	6.799	7.262599999999999	0.6	1
PIS52481.1_B8441_Cauris	PIS52481.1	Cauris	B8441	ASVSLV	78	83	6	6.4755	6.7675	0.3333333333333333	19
PIS52481.1_B8441_Cauris	PIS52481.1	Cauris	B8441	GVLTLSFLLGVFKLAFEI	265	282	18	95.53800000000001	99.44209999999998	0.2222222222222222	181
PIS52481.1_B8441_Cauris	PIS52481.1	Cauris	B8441	FTTYTTTVVT	347	356	10	27.122500000000002	29.308	0.8	64
PIS52481.1_B8441_Cauris	PIS52481.1	Cauris	B8441	VVIVTT	369	374	6	66.298	66.298	1	12
PIS52481.1_B8441_Cauris	PIS52481.1	Cauris	B8441	VVIVTT	418	423	6	65.977	65.977	1	43
PIS52481.1_B8441_Cauris	PIS52481.1	Cauris	B8441	VVIVTT	464	469	6	65.977	65.977	1	40
PIS52481.1_B8441_Cauris	PIS52481.1	Cauris	B8441	VVIVTT	513	518	6	65.977	65.977	1	43
PIS52481.1_B8441_Cauris	PIS52481.1	Cauris	B8441	VVIVTT	562	567	6	65.977	65.977	1	43
PIS52481.1_B8441_Cauris	PIS52481.1	Cauris	B8441	VVIVTT	611	616	6	65.977	65.977	1	43
PIS52481.1_B8441_Cauris	PIS52481.1	Cauris	B8441	VVIVTT	657	662	6	65.977	65.977	1	40
PIS52481.1_B8441_Cauris	PIS52481.1	Cauris	B8441	VVIVTT	703	708	6	65.977	65.977	1	40
PIS52481.1_B8441_Cauris	PIS52481.1	Cauris	B8441	VVIVTT	749	754	6	65.977	65.977	1	40
PIS52481.1_B8441_Cauris	PIS52481.1	Cauris	B8441	VVIVTT	798	803	6	65.981	65.981	1	43
PIS52481.1_B8441_Cauris	PIS52481.1	Cauris	B8441	GVVIVTT	846	852	7	84.594	86.514	0.8571428571428571	42
PIS52481.1_B8441_Cauris	PIS52481.1	Cauris	B8441	TYTTAIVT	872	879	8	22.123	23.398	0.75	19
PIS52481.1_B8441_Cauris	PIS52481.1	Cauris	B8441	VVIVTT	892	897	6	65.981	65.981	1	12
PIS52481.1_B8441_Cauris	PIS52481.1	Cauris	B8441	VVIVTT	937	942	6	66.328	66.328	1	39
PIS52481.1_B8441_Cauris	PIS52481.1	Cauris	B8441	VVIVTT	985	990	6	66.328	66.328	1	42
PIS52481.1_B8441_Cauris	PIS52481.1	Cauris	B8441	GVVIVTT	1033	1039	7	83.129	85.374	0.8571428571428571	42
PIS52481.1_B8441_Cauris	PIS52481.1	Cauris	B8441	TVIVC	1080	1084	5	22.702	22.702	0.8	40
PIS52481.1_B8441_Cauris	PIS52481.1	Cauris	B8441	TTVSAVVI	1116	1123	8	79.2755	79.781	0.75	31
PIS52481.1_B8441_Cauris	PIS52481.1	Cauris	B8441	VVTSYISV	1130	1137	8	46.68	47.48	0.625	6
PIS52481.1_B8441_Cauris	PIS52481.1	Cauris	B8441	SCVVVV	1163	1168	6	56.651	56.651	0.6666666666666666	25
PIS52481.1_B8441_Cauris	PIS52481.1	Cauris	B8441	LGLFAL	1241	1246	6	12.99	12.99	0	72
PIS52483.1_B8441_Cauris	PIS52483.1	Cauris	B8441	LLSTVATAALLL	3	14	12	41.9845	45.4215	0.25	NA
PIS52483.1_B8441_Cauris	PIS52483.1	Cauris	B8441	GVYFSIVNNVLTVLG	44	58	15	84.585	93.911	0.4	29
PIS52483.1_B8441_Cauris	PIS52483.1	Cauris	B8441	AFYVTS	66	71	6	12.0755	12.578	0.3333333333333333	7
PIS52483.1_B8441_Cauris	PIS52483.1	Cauris	B8441	LAASVTI	75	81	7	8.18	8.7668	0.42857142857142855	3
PIS52483.1_B8441_Cauris	PIS52483.1	Cauris	B8441	TLTLSFFLGVF	265	275	11	82.999	95.67	0.2727272727272727	183
PIS52483.1_B8441_Cauris	PIS52483.1	Cauris	B8441	SIATFGLTGFISIVLLML	742	759	18	78.5275	99.66409999999999	0.3333333333333333	466
PIS55432.1_B8441_Cauris	PIS55432.1	Cauris	B8441	AVACCLATALGLVIT	7	21	15	40.656	58.324	0.3333333333333333	NA
PIS55432.1_B8441_Cauris	PIS55432.1	Cauris	B8441	VYYSIVN	43	49	7	48.957	48.957	0.42857142857142855	21
PIS55432.1_B8441_Cauris	PIS55432.1	Cauris	B8441	FYVTSV	65	70	6	15.6775	16.236	0.5	15
PIS55432.1_B8441_Cauris	PIS55432.1	Cauris	B8441	LVTSVSIVS	73	81	9	35.716	37.9662	0.5555555555555556	2
PIS55432.1_B8441_Cauris	PIS55432.1	Cauris	B8441	VIAVAGL	220	226	7	38.099	39.238	0.42857142857142855	138
PIS55432.1_B8441_Cauris	PIS55432.1	Cauris	B8441	VLTLSFFLGIF	263	273	11	98.559	99.714	0.2727272727272727	36
PIS55432.1_B8441_Cauris	PIS55432.1	Cauris	B8441	FVIGLGY	277	283	7	29.917	30.0504	0.2857142857142857	3
PIS55432.1_B8441_Cauris	PIS55432.1	Cauris	B8441	GIVVVTT	359	365	7	82.131	84.463	0.8571428571428571	75
PIS55432.1_B8441_Cauris	PIS55432.1	Cauris	B8441	GIVIVTT	410	416	7	81.459	83.771	0.8571428571428571	44
PIS55432.1_B8441_Cauris	PIS55432.1	Cauris	B8441	GIVIVTT	461	467	7	81.026	83.328	0.8571428571428571	44
PIS55432.1_B8441_Cauris	PIS55432.1	Cauris	B8441	GIVIVTT	512	518	7	82.749	85.101	0.8571428571428571	44
PIS55432.1_B8441_Cauris	PIS55432.1	Cauris	B8441	GVVIVTT	563	569	7	83.492	85.747	0.8571428571428571	44
PIS55432.1_B8441_Cauris	PIS55432.1	Cauris	B8441	GIVIVTT	613	619	7	82.749	85.101	0.8571428571428571	16
PIS55432.1_B8441_Cauris	PIS55432.1	Cauris	B8441	GVVIVTT	664	670	7	82.21	84.427	0.8571428571428571	44
PIS55432.1_B8441_Cauris	PIS55432.1	Cauris	B8441	GVVIVTT	715	721	7	82.21	84.427	0.8571428571428571	44
PIS55432.1_B8441_Cauris	PIS55432.1	Cauris	B8441	FTSTWI	748	753	6	5.892	5.984	0.5	26
PIS55432.1_B8441_Cauris	PIS55432.1	Cauris	B8441	GVIIVTT	766	772	7	81.552	83.75	0.8571428571428571	12
PIS55432.1_B8441_Cauris	PIS55432.1	Cauris	B8441	GVVIVTT	817	823	7	83.472	85.725	0.8571428571428571	44
PIS55432.1_B8441_Cauris	PIS55432.1	Cauris	B8441	GVVVVTT	868	874	7	82.863	85.098	0.8571428571428571	44
PIS55432.1_B8441_Cauris	PIS55432.1	Cauris	B8441	GVVIVTT	919	925	7	85.638	87.593	0.8571428571428571	44
PIS55432.1_B8441_Cauris	PIS55432.1	Cauris	B8441	GVVIVTT	970	976	7	82.223	84.44	0.8571428571428571	44
PIS55432.1_B8441_Cauris	PIS55432.1	Cauris	B8441	TTFTTWWT	1000	1007	8	19.672	20.523	0.625	23
PIS55432.1_B8441_Cauris	PIS55432.1	Cauris	B8441	GVVIVTT	1020	1026	7	82.224	84.442	0.8571428571428571	12
PIS55432.1_B8441_Cauris	PIS55432.1	Cauris	B8441	GVVIVTT	1071	1077	7	84.595	86.519	0.8571428571428571	44
PIS55432.1_B8441_Cauris	PIS55432.1	Cauris	B8441	WITLT	1083	1087	5	7.226	7.226	0.6	5
PIS55432.1_B8441_Cauris	PIS55432.1	Cauris	B8441	TTVSGIVVVTT	1117	1127	11	54.707	92.157	0.8181818181818182	29
PIS55432.1_B8441_Cauris	PIS55432.1	Cauris	B8441	IICVT	1172	1176	5	11.803	11.803	0.8	44
PIS55432.1_B8441_Cauris	PIS55432.1	Cauris	B8441	TIIIC	1212	1216	5	21.57	21.57	0.8	35
PIS55432.1_B8441_Cauris	PIS55432.1	Cauris	B8441	ITTVVTT	1235	1241	7	46.901	47.085	1	18
PIS55432.1_B8441_Cauris	PIS55432.1	Cauris	B8441	LALFAL	1369	1374	6	58.992000000000004	59.048	0	127
PIS56617.1_B8441_Cauris	PIS56617.1	Cauris	B8441	LNILLATLVSVTSVA	4	18	15	79.57	98.062	0.4	NA
PIS56617.1_B8441_Cauris	PIS56617.1	Cauris	B8441	VVGLS	234	238	5	6.744	6.852	0.4	215
PIS56617.1_B8441_Cauris	PIS56617.1	Cauris	B8441	MIMAVVAGILA	847	857	11	86.465	95.742	0.36363636363636365	608
