name	div
PIS55432.1_B8441_Cauris	342
PIS55432.1_B8441_Cauris	393
PIS55432.1_B8441_Cauris	444
PIS55432.1_B8441_Cauris	495
PIS55432.1_B8441_Cauris	546
PIS55432.1_B8441_Cauris	597
PIS55432.1_B8441_Cauris	648
PIS55432.1_B8441_Cauris	699
PIS55432.1_B8441_Cauris	750
PIS55432.1_B8441_Cauris	801
PIS55432.1_B8441_Cauris	852
PIS55432.1_B8441_Cauris	903
PIS55432.1_B8441_Cauris	954
PIS55432.1_B8441_Cauris	1005
PIS55432.1_B8441_Cauris	1056
PIS55432.1_B8441_Cauris	1107
PIS55432.1_B8441_Cauris	1135
PIS52481.1_B8441_Cauris	346
PIS52481.1_B8441_Cauris	392
PIS52481.1_B8441_Cauris	438
PIS52481.1_B8441_Cauris	484
PIS52481.1_B8441_Cauris	530
PIS52481.1_B8441_Cauris	576
PIS52481.1_B8441_Cauris	622
PIS52481.1_B8441_Cauris	668
PIS52481.1_B8441_Cauris	714
PIS52481.1_B8441_Cauris	760
PIS52481.1_B8441_Cauris	806
PIS52481.1_B8441_Cauris	852
PIS52481.1_B8441_Cauris	898
PIS52481.1_B8441_Cauris	944
PIS52481.1_B8441_Cauris	990
PIS52481.1_B8441_Cauris	1003
PIS49865.1_B8441_Cauris	501
PIS49865.1_B8441_Cauris	545
PIS49865.1_B8441_Cauris	589
PIS49865.1_B8441_Cauris	633
PIS49865.1_B8441_Cauris	677
PIS49865.1_B8441_Cauris	721
PIS49865.1_B8441_Cauris	765
PIS49865.1_B8441_Cauris	809
PIS49865.1_B8441_Cauris	853
PIS49865.1_B8441_Cauris	897
PIS49865.1_B8441_Cauris	941
PIS49865.1_B8441_Cauris	985
PIS49865.1_B8441_Cauris	1029
PIS49865.1_B8441_Cauris	1073
PIS49865.1_B8441_Cauris	1117
PIS49865.1_B8441_Cauris	1161
PIS49865.1_B8441_Cauris	1205
PIS49865.1_B8441_Cauris	1249
PIS49865.1_B8441_Cauris	1293
PIS49865.1_B8441_Cauris	1337
PIS49865.1_B8441_Cauris	1381
PIS49865.1_B8441_Cauris	1425
PIS49865.1_B8441_Cauris	1439
PIS50296.1_B8441_Cauris	507
PIS50296.1_B8441_Cauris	550
PIS50296.1_B8441_Cauris	593
PIS50296.1_B8441_Cauris	636
PIS50296.1_B8441_Cauris	679
PIS50296.1_B8441_Cauris	722
PIS50296.1_B8441_Cauris	765
PIS50296.1_B8441_Cauris	808
PIS50296.1_B8441_Cauris	851
PIS50296.1_B8441_Cauris	894
PIS50296.1_B8441_Cauris	937
PIS50296.1_B8441_Cauris	980
PIS50296.1_B8441_Cauris	1023
PIS50296.1_B8441_Cauris	1066
PIS50296.1_B8441_Cauris	1109
PIS50296.1_B8441_Cauris	1152
PIS50296.1_B8441_Cauris	1195
PIS50296.1_B8441_Cauris	1238
PIS50296.1_B8441_Cauris	1281
PIS50296.1_B8441_Cauris	1324
PIS50296.1_B8441_Cauris	1367
PIS50296.1_B8441_Cauris	1410
PIS50296.1_B8441_Cauris	1453
PIS50296.1_B8441_Cauris	1496
PIS50296.1_B8441_Cauris	1539
PIS50296.1_B8441_Cauris	1582
PIS50296.1_B8441_Cauris	1625
PIS50296.1_B8441_Cauris	1668
PIS50296.1_B8441_Cauris	1711
PIS50296.1_B8441_Cauris	1754
PIS50296.1_B8441_Cauris	1797
PIS50296.1_B8441_Cauris	1840
PIS50296.1_B8441_Cauris	1883
PIS50296.1_B8441_Cauris	1926
PIS50296.1_B8441_Cauris	1969
PIS50296.1_B8441_Cauris	2012
PIS50296.1_B8441_Cauris	2055
PIS50296.1_B8441_Cauris	2098
PIS50296.1_B8441_Cauris	2141
PIS50296.1_B8441_Cauris	2184
PIS50296.1_B8441_Cauris	2227
PIS50296.1_B8441_Cauris	2270
PIS50296.1_B8441_Cauris	2313
PIS50296.1_B8441_Cauris	2356
PIS50296.1_B8441_Cauris	2399
PIS50296.1_B8441_Cauris	2442
PIS50296.1_B8441_Cauris	2485
PIS50296.1_B8441_Cauris	2528
PIS50296.1_B8441_Cauris	2531
PIS49865.1_B8441_Cauris	1525
PIS49865.1_B8441_Cauris	1565
PIS49865.1_B8441_Cauris	1603
PIS50297.1_B8441_Cauris	329
PIS50297.1_B8441_Cauris	353
PIS50297.1_B8441_Cauris	377
PIS50297.1_B8441_Cauris	380
PIS50296.1_B8441_Cauris	350
PIS50296.1_B8441_Cauris	374
PIS50296.1_B8441_Cauris	398
PIS50296.1_B8441_Cauris	422
PIS50296.1_B8441_Cauris	446
PIS50296.1_B8441_Cauris	461
PIS56617.1_B8441_Cauris	341
PIS56617.1_B8441_Cauris	356
PIS56617.1_B8441_Cauris	371
PIS56617.1_B8441_Cauris	377
PIS52481.1_B8441_Cauris	1182
PIS52481.1_B8441_Cauris	1195
PIS52481.1_B8441_Cauris	1208
PIS52481.1_B8441_Cauris	1211
PIS50623.1_B8441_Cauris	619
PIS50623.1_B8441_Cauris	631
PIS50623.1_B8441_Cauris	643
PIS50623.1_B8441_Cauris	655
PIS50623.1_B8441_Cauris	664
PIS50623.1_B8441_Cauris	374
PIS50623.1_B8441_Cauris	385
PIS50623.1_B8441_Cauris	396
PIS50623.1_B8441_Cauris	407
PIS50623.1_B8441_Cauris	418
PIS50623.1_B8441_Cauris	429
PIS50623.1_B8441_Cauris	440
PIS50623.1_B8441_Cauris	451
PIS50623.1_B8441_Cauris	460
PIS56617.1_B8441_Cauris	384
PIS56617.1_B8441_Cauris	394
PIS56617.1_B8441_Cauris	404
PIS56617.1_B8441_Cauris	414
PIS56617.1_B8441_Cauris	424
PIS56617.1_B8441_Cauris	434
PIS56617.1_B8441_Cauris	444
PIS56617.1_B8441_Cauris	454
PIS56617.1_B8441_Cauris	464
PIS56617.1_B8441_Cauris	474
PIS56617.1_B8441_Cauris	475
PIS49865.1_B8441_Cauris	352
PIS49865.1_B8441_Cauris	362
PIS49865.1_B8441_Cauris	372
PIS49865.1_B8441_Cauris	382
PIS49865.1_B8441_Cauris	392
PIS49865.1_B8441_Cauris	402
PIS49865.1_B8441_Cauris	412
PIS49865.1_B8441_Cauris	422
PIS49865.1_B8441_Cauris	432
PIS49865.1_B8441_Cauris	442
PIS49865.1_B8441_Cauris	452
PIS49865.1_B8441_Cauris	462
PIS49865.1_B8441_Cauris	472
PIS49865.1_B8441_Cauris	482
PIS49865.1_B8441_Cauris	492
PIS49865.1_B8441_Cauris	494
PIS52483.1_B8441_Cauris	472
PIS52483.1_B8441_Cauris	481
PIS52483.1_B8441_Cauris	490
PIS52483.1_B8441_Cauris	499
PIS52483.1_B8441_Cauris	508
PIS52483.1_B8441_Cauris	517
PIS52483.1_B8441_Cauris	526
PIS52483.1_B8441_Cauris	535
PIS52483.1_B8441_Cauris	544
PIS52483.1_B8441_Cauris	553
PIS52483.1_B8441_Cauris	562
PIS52483.1_B8441_Cauris	571
PIS52483.1_B8441_Cauris	580
PIS52483.1_B8441_Cauris	589
PIS52483.1_B8441_Cauris	598
PIS52483.1_B8441_Cauris	606
PIS50296.1_B8441_Cauris	333
PIS50296.1_B8441_Cauris	342
PIS50296.1_B8441_Cauris	351
PIS50296.1_B8441_Cauris	354
PIS56617.1_B8441_Cauris	497
PIS56617.1_B8441_Cauris	505
PIS56617.1_B8441_Cauris	513
PIS56617.1_B8441_Cauris	513
PIS50623.1_B8441_Cauris	477
PIS50623.1_B8441_Cauris	484
PIS50623.1_B8441_Cauris	491
PIS50623.1_B8441_Cauris	492
PIS55432.1_B8441_Cauris	67
PIS55432.1_B8441_Cauris	74
PIS55432.1_B8441_Cauris	81
PIS55432.1_B8441_Cauris	81
PIS50297.1_B8441_Cauris	160
PIS50297.1_B8441_Cauris	167
PIS50297.1_B8441_Cauris	174
PIS50297.1_B8441_Cauris	175
PIS50297.1_B8441_Cauris	377
PIS50297.1_B8441_Cauris	384
PIS50297.1_B8441_Cauris	391
PIS50297.1_B8441_Cauris	393
PIS50296.1_B8441_Cauris	2683
PIS50296.1_B8441_Cauris	2690
PIS50296.1_B8441_Cauris	2697
PIS50296.1_B8441_Cauris	2697
PIS52483.1_B8441_Cauris	328
PIS52483.1_B8441_Cauris	334
PIS52483.1_B8441_Cauris	340
PIS52483.1_B8441_Cauris	346
PIS52483.1_B8441_Cauris	352
PIS52483.1_B8441_Cauris	358
PIS52483.1_B8441_Cauris	364
PIS52483.1_B8441_Cauris	370
PIS52483.1_B8441_Cauris	376
PIS52483.1_B8441_Cauris	382
PIS52483.1_B8441_Cauris	388
PIS52483.1_B8441_Cauris	394
PIS52483.1_B8441_Cauris	400
PIS52483.1_B8441_Cauris	406
PIS52483.1_B8441_Cauris	412
PIS52483.1_B8441_Cauris	418
PIS52483.1_B8441_Cauris	424
PIS52483.1_B8441_Cauris	430
PIS52483.1_B8441_Cauris	436
PIS52483.1_B8441_Cauris	442
PIS52483.1_B8441_Cauris	448
PIS52483.1_B8441_Cauris	454
PIS52483.1_B8441_Cauris	460
PIS52483.1_B8441_Cauris	466
PIS52483.1_B8441_Cauris	472
PIS52483.1_B8441_Cauris	475
PIS52483.1_B8441_Cauris	606
PIS52483.1_B8441_Cauris	612
PIS52483.1_B8441_Cauris	618
PIS52483.1_B8441_Cauris	624
PIS52483.1_B8441_Cauris	630
PIS52483.1_B8441_Cauris	636
PIS52483.1_B8441_Cauris	642
PIS52483.1_B8441_Cauris	648
PIS52483.1_B8441_Cauris	654
PIS52483.1_B8441_Cauris	660
PIS52483.1_B8441_Cauris	666
PIS52483.1_B8441_Cauris	672
PIS52483.1_B8441_Cauris	678
PIS52483.1_B8441_Cauris	684
PIS52483.1_B8441_Cauris	690
PIS52483.1_B8441_Cauris	696
PIS52483.1_B8441_Cauris	698
PIS56617.1_B8441_Cauris	514
PIS56617.1_B8441_Cauris	519
PIS56617.1_B8441_Cauris	524
PIS56617.1_B8441_Cauris	529
PIS56617.1_B8441_Cauris	534
PIS56617.1_B8441_Cauris	539
PIS56617.1_B8441_Cauris	544
PIS56617.1_B8441_Cauris	549
PIS56617.1_B8441_Cauris	554
PIS56617.1_B8441_Cauris	559
PIS56617.1_B8441_Cauris	564
PIS56617.1_B8441_Cauris	569
PIS56617.1_B8441_Cauris	574
PIS56617.1_B8441_Cauris	579
PIS56617.1_B8441_Cauris	584
PIS56617.1_B8441_Cauris	589
PIS56617.1_B8441_Cauris	594
PIS56617.1_B8441_Cauris	599
PIS56617.1_B8441_Cauris	604
PIS56617.1_B8441_Cauris	609
PIS56617.1_B8441_Cauris	614
PIS56617.1_B8441_Cauris	619
PIS56617.1_B8441_Cauris	624
PIS56617.1_B8441_Cauris	629
PIS56617.1_B8441_Cauris	634
PIS56617.1_B8441_Cauris	639
PIS56617.1_B8441_Cauris	644
PIS56617.1_B8441_Cauris	649
PIS56617.1_B8441_Cauris	654
PIS56617.1_B8441_Cauris	659
PIS56617.1_B8441_Cauris	664
PIS56617.1_B8441_Cauris	669
PIS56617.1_B8441_Cauris	674
PIS56617.1_B8441_Cauris	679
PIS56617.1_B8441_Cauris	684
PIS56617.1_B8441_Cauris	689
PIS56617.1_B8441_Cauris	694
PIS56617.1_B8441_Cauris	699
PIS56617.1_B8441_Cauris	704
PIS56617.1_B8441_Cauris	709
PIS56617.1_B8441_Cauris	714
PIS56617.1_B8441_Cauris	719
PIS56617.1_B8441_Cauris	724
PIS56617.1_B8441_Cauris	729
PIS56617.1_B8441_Cauris	734
PIS56617.1_B8441_Cauris	739
PIS56617.1_B8441_Cauris	744
PIS56617.1_B8441_Cauris	749
PIS56617.1_B8441_Cauris	754
PIS56617.1_B8441_Cauris	759
PIS56617.1_B8441_Cauris	764
PIS56617.1_B8441_Cauris	769
PIS56617.1_B8441_Cauris	773
